Product_Name,Product_Price,Product_MRP_Price,Ratings,Review_Count,Screen_Resolution,Screen_Size,Brand_Name,Refresh_Rate,Monitor_Category,Model_Number
"16"""" LED LCD Monitor",18439,24887,4.2,1130,1920 x 1080,15.6,AOC,60 Hz,Monitor,I1659FWUX
"16"""" USB C IPS Monitor",20743,32029,4.2,1202,1920 x 1080,15.6,AOC,60 Hz,Monitor,I1601FWUX
"4.3inch HDMI LCD (B), IPS Screen HDMI Interface 4.3 inch 800x480 Capacitive Touch Screen Supports Multi Mini-PC Systems Raspberry Pi BB Black Banana Pi Raspbian Ubuntu Windows 10 8 7 @XYGStudy",17248,24639,4.0,5,800 x 480,4.3,Raspberry Pi,60 Hz,Touch Monitor,XYG-4.3inch HDMI LCD (B)
"7 inch DSI LCD Touch Display for Raspberry Pi 4B/3B+/3A+/CM4/CM3+, 1024×600 IPS Screen Capacitive Touchscreen Supports Raspbian, 5-Points Touch, Driver Required",21960,24155,1.0,1,1024 x 600,7.0,Waveshare,60 Hz,Touch Monitor,7inch DSI LCD (C)
"Acer 23.8 inches Full HD IPS Panel Backlit LED Monitor (250 Nits, 1920 x 1080 Pixels, HDMI and VGA Ports, Eye Care Features Like Bluelight Shield, Flickerless & Comfyview, Black)",8999,19999,4.1,69,1920 x 1080,23.8,Acer,75 Hz,Monitor,UM.QE0SS.A01
Acer 27 inch (68.58 cm) LCD Monitor - WQHD (2560 x 1440) Pixels with HDMI and VGA | Nvidia G-Sync - XB271HU (Black),32900,39999,4.4,26,2560 x 1440,27.0,Acer,144 Hz,Monitor,XB271HU
"Acer B227Q 21.5 Inch Full Hd 1920 X 1080 IPS LCD Backlight Led Monitor I 75Hz I Height Adjustment,Pivot,Tilt&Swivel Features I Vision Care I Hdmi,Dp&Vga Ports I Audio Out I Stereo Speakers,Black",9999,13600,4.2,9,1920 x 1080,21.5,Acer,75 Hz,Monitor,UM.WB7SS.004
Acer B227Q 21.5 inches IPS LED Full HD 1920 x 1080 Pixels Monitor - Inbuilt HD Web CAM with MIC Height Adjustment Pivot - 2W X 2 Speakers with Eye Care Features & Suitable for Work from Home (Black),18499,25499,4.3,565,1920 x 1080,21.5,Acer,75 Hz,Monitor,UM.WB7EE.001
"Acer B227Q D 21.5 Inch IPS Full HD Backlit LED LCD Monitor I Adjustable Webcam, MIC Support I Tilt, Swivel, Pivot and Height Adjust I HDMI, VGA, DP & USB 3.2 I Eye Care Technology I Stereo Speakers",10999,14999,4.2,432,1920 x 1080,21.5,Acer,100 Hz,Monitor,UM.WB7SI.E01
"Acer cm 54.61 cm (21.5 inch) LED Backlit Computer Monitor I IPS Full HD I Zero Frame Design I VGA, HDMI Port I Eye Care Features and Built-in Stereo Speakers ET221Q (Black)",9930,19999,4.3,1131,1920 x 1080,21.5,Acer,60 Hz,Monitor,ET221Q
"Acer DA240Y 23.8 Inch Smart Full HD VA Panel LCD Monitor with LED Backlight I Streaming TV, Netflix, YouTube I Media Playback I Wireless Mirroring I Bluetooth5.0 I HDR10 I Desktop Mode I Remote",7999,15500,3.3,20,1920 x 1080,23.8,Acer,60 Hz,Monitor,UM.QD0SI.001
"Acer DA320Q 31.5 Inch Smart Full HD VA Panel LCD Monitor with LED Backlight I Streaming TV, Netflix, YouTube I Media Playback I Wireless Mirroring I Bluetooth5.0 I HDR10 I Desktop Mode I Remote",10999,18999,3.4,27,1920 x 1080,31.5,Acer,60 Hz,Monitor,UM.JD0SI.A01
"Acer EB321HQ 31.5 Inch (80.01 Cm) IPS Full HD (1920 x 1080) Pixels LCD Monitor with LED Backlight I 300 Nits Brightness I HDMI, VGA Ports I Eye Care Features, Blue Light Filter, Flickerless (Black)",13999,27500,4.0,822,1920 x 1080,31.5,Acer,60 Hz,Monitor,UM.JE1SI.A02
"Acer ED240Q 23.6 inch (59.94 cm) LED 1920 x 1080 Pixels Full HD Backlit LED Curved Monitor LCD VA Panel Monitor| 250 Nits Brightness| 1500R I 1MS, 75Hz Refresh Rate| HDMI & VGA | Black",9399,14999,4.4,118,1920 x 1080,23.6,Acer,75 Hz,Monitor,ED240Q
Acer ED320QR 31.5 Inch Full HD VA Panel 1500R Curved Backlight LED LCD Monitor I 1 MS VRB I 165Hz Refresh Rate I AMD Free Sync Premium I HDR 10 I 2 X HDMI 1 X Display Port I Eye Care Features I Black,15919,20999,3.9,70,1920 x 1080,31.5,Acer,165 Hz,Monitor,UM.JE0SI.301
Acer ED320QR H 31.5 Inch Full HD VA Panel 1500R Curved Backlight LED Monitor I 1 MS VRB I 100Hz Refresh Rate I AMD Free Sync I 1 x HDMI 1 x VGA with Inbox HDMI Cable I Tilt Option I Eye Care Features,13599,16999,3.0,2,1920 x 1080,31.5,Acer,100 Hz,Monitor,UM.JE0SI.H01
Acer Ei491Cr 49 Inch (124.46 Cm) Led 1800R Curved Dfhd 3840 X 1080 Pixels Va Monitor I 32:9 Aspect Ratio I AMD Radeon Freesync2 Technology I 144Hz I Vesa Certified Display HDR 400 I Dci-P3 Black,68999,103550,4.4,14,3840 x 1600,49.0,Acer,144 Hz,Monitor,UM.SE1SI.S01
"Acer EK220Q 21.5 Inch (54.61 Cm) Full HD (1920x1080 Pixels) VA Panel LCD Monitor with LED Back Light I 250 Nits I HDMI, VGA Ports (Black)",6800,7599,4.3,2951,1920 x 1080,21.5,Acer,75 Hz,Monitor,UM.WE0SS.A01
"Acer EK240Y E 23.8 Inch IPS Full HD 1920x1080 Backlit LED LCD Monitor I 1 MS VRB, 100Hz Refresh I 250 Nits I Zero Frame I HDMI & VGA Ports with HDMI Cable I AMD Free Sync I Eye Care Features (Black)",6656,9499,4.3,2081,1920 x 1080,23.8,Acer,100 Hz,Monitor,UM.QE1SI.E02
"Acer K202Q 19.5 Inch HD+ 1600 X 900 Pixels LCD Monitor with LED Backlight I 200 Nits Brightness I VGA, HDMI Port with Inbox HDMI Cable I Eye Care Features I Tilt Option I Wall Mount Option I Black",5265,8000,4.0,10,1600 x 900,19.5,Acer,75 Hz,Monitor,UM.IE0SI.001
"Acer KA270 27 Inch Full HD 1920 X 1080 VA Panel LCD Monitor with LED Backlight I 250 Nits I 1 MS VRB, 75Hz Refresh I HDMI, VGA Ports, Audio in & Audio Out Inbox HDMI Cable I Integrated Stereo Speakers",10600,14999,4.2,26,1920 x 1080,27.0,Acer,75 Hz,Monitor,UM.HX0SI.003
"Acer LED Backlit Computer LCD Monitor with VGA and HDMI Ports - K202HQL (Black, 1366 x 768 Pixels, 49.39 cm)",5490,12999,3.8,240,1366 x 768,19.5,Acer,60 Hz,Monitor,K202HQL
"Acer Nitro 27 Inch IPS WQHD 2560 X 1440 Resolution Monitor I 1 MS, 240Hz (Overclock to 270Hz) I 400 Nits I 2 X HDMI 1 X DP 1 X Type C 4 X USB 3.0 HUB I Height Adjustment and Pivot Function (XV272UX)",33831,86700,1.0,1,2560 x 1440,27.0,Acer,240 Hz,Monitor,UM.HX2SI.X01-cr
"Acer Nitro Qg221Q 21.5 Inch (54.61 Cm) Led 1920 X 1080 Pixels Full Hd Gaming Monitor I Va Panel I 1 Ms Response, 75 Hz Refresh Rate I 250 Nits Brightness I AMD Free Sync I Eye Care Features (Black)",9999,15600,4.4,1539,1920 x 1080,21.5,Acer,75 Hz,Gaming Monitor,UM.WQ1SI.001
"Acer Nitro Ultrawide Xv340Ckp 34 Inch (86.36 Cm) Led IPS Qhd 3440 X 1440 Pixels Gaming Monitor, 1 Ms Vrb, 144Hz Rapid Refresh Rate, AMD Freesync, Hdr10, 2XDp Ports, 2 X Hdmi, 2 X USB 3.0 Ports, Black",32990,56990,4.1,23,3440 x 1440,34.0,Acer,144 Hz,Gaming Monitor,UM.CX0SS.P02
"Acer Nitro VG240YS 23.8 Inch (60.45 Cm) IPS Full HD 1920 X 1080 Pixels, Gaming LCD Monitor with LED Backlight I AMD Freesync I 0.5 MS Response time I 165Hz Refresh Rate I Dp, 2 X Hdmi, Black",12999,24000,4.3,2991,1920 x 1080,23.8,Acer,165 Hz,Gaming Monitor,VG240YS
"Acer Predator Xb253Q Gx 24.5 Inch (62.23 Cm) Led 1920 x 1080 Pixels Fhd IPS 0.5 Ms 240Hz Nvidia G-Sync Compatible Gaming Monitor I Vesa Display Hdr400 I 99% Srgb I Stereo Speakers, Black",19487,34900,4.4,86,1920 x 1080,24.5,Acer,240 Hz,Gaming Monitor,UM.KX3SI.X01
Acer SA222Q 21.5 Inch Full HD IPS Ultra Slim (7.2mm Thick) Backlight LED LCD Monitor I Zero Frame I 100Hz Refresh I 1 MS VRB I AMD Free Sync I 1xHDMI 1xVGA I Eye Care Features I Tilt Option I White,5487,10000,3.0,4,1920 x 1080,21.5,Acer,100 Hz,Monitor,UM.WS2SI.E01-cr
Acer SA222Q 21.5 Inch Full HD IPS Ultra Slim (7.2mm Thick) Backlight LED LCD Monitor I Zero Frame I 100Hz Refresh I 1 MS VRB I AMD Free Sync I 1xHDMI 1xVGA I Eye Care Features I Tilt Option I White,6860,10000,4.3,3350,1920 x 1080,21.5,Acer,100 Hz,Monitor,UM.WS2SI.E01
Acer SA272U E 27 Inch WQHD 2560x1440 Resolution IPS Ultra Slim (7.2mm) Backlight LED LCD Monitor I 100Hz Refresh I 1 MS VRB I HDR 10 I AMD Free Sync I 2xHDMI 1xDP I Stereo Speakers I Eye Care I White,12900,16999,4.3,54,2560 x 1440,27.0,Acer,100 Hz,Monitor,UM.HS2SI.E02
"Acer UT222Q 21.5 Inch (54.61cm) Full HD IPS (1920 x 1080 Pixels) 10 Point Touch Monitor with AMD FreeSync Technology 75Hz Refresh Rate 4 MS Response| Display Port, HDMI Port, VGA & USB Port,Black",18999,33000,4.4,29,1920 x 1080,21.5,Acer,75 Hz,Touch Monitor,UM.WW2SI.001
"Acer V196Hql 18.5 Inch Hd Led Backlit LCD Monitor with Vga and Hdmi Port, Black",5250,5950,4.1,167,1366 x 768,18.5,Acer,60 Hz,Monitor,V196HQL
Acer V196L 19 Inch Square 1280 X 1024 (SXGA) Resolution LCD Monitor with LED Back Light I 250 Nits Brightness I 5 MS Response Time I TCO Certified I VGA & DVI Ports (Black),9606,15150,4.0,67,1280 x 800,19.0,Acer,75 Hz,Monitor,V196L
"Acer V206HQL 1366 x 768 Pixels 19.5 inches(49.5cm) HD LED Backlit Computer Monitor with HDMI, VGA Ports and Stereo Speakers (Multicolour)",6990,19000,4.0,760,1366 x 768,19.5,Acer,60 Hz,Monitor,V206HQL
"Acer V206HQLA 19.5 Inch(49.5cm) (1600 X 900) Pixels Resolution HD+ LCD Monitor with LED Backlight I 200 Nits Brightness I VGA, HDMI Port with Inbox VGA Cable I Eye Care Features I Black",5440,12400,4.0,68,1680 x 1050,19.5,Acer,60 Hz,Monitor,UM.IV6SI.A01
"Acer V227Q E 21.5 Inch Full HD IPS Backlit LED LCD Monitor I 100Hz Refresh Rate I 250 Nits I 99% SRGB I Zero Frame I HDMI, VGA Ports I TUV Eye Certified I Stereo Speakers I 100% Recyclable Packaging",7999,8499,4.1,102,1920 x 1080,21.5,Acer,100 Hz,Monitor,UM.WV7SI.301
"Alienware 27"" (68.58 cm) Gaming Monitor-AW2723DF, QHD 2560 x 1440 (DPPort(OC): 280Hz, DP Port: 240Hz, HDMI: 144Hz), 2xHDMI, DP Port 1.4, USB 3.2 Gen 1, 3xUSB 3.2 Gen 1, Headphones, Audio line-Out",60990,74533,4.2,141,2560 x 1440,27.0,Dell,240 Hz,Gaming Monitor,AW2723DF
"Alienware 34"" (86.36 cm) Curved QD-OLED Gaming Monitor-AW3423DWF, WQHD 3440x1440 (DP Port:165Hz, HDMI:100Hz), HDMI, 2 xDP Port 1.4, 5 xSuperSpeed USB 3.2 Gen1, Audio Line-Out Port, Headphone-Out Port.",119490,124600,4.5,199,3440 x 1440,34.2,Dell,100 Hz,Gaming Monitor,AW3423DWF
"amazon basics 21.5"" Full Hd, Slim LCD Monitor with Led Back Light Technology, Stylish Bezel-Less Design, Wide Angle, in-Built Speakers, Flickerless, Black, Pack of 1",5999,14000,3.9,1917,1920 x 1080,21.5,Amazon Basics,75 Hz,Monitor,AB23M215001BZS
"AOC - C24G1, 24 Inch (60.96 Cm) 1920 X 1080 Pixels, Curved Gaming Led Monitor with Vga Port, Hdmi*2 Port, Display Port, 144Hz Refresh Rate (Black)",19999,24490,4.5,10166,1920 x 1080,24.0,AOC,144 Hz,Gaming Monitor,C24G1
"Aoc - E970Swn, 18.5-Inch (46.99 Cm) Led Backlit Computer Monitor with 1366 X 768 Pixels Resolution (Black)",5599,8990,3.8,639,1366 x 768,18.5,AOC,60 Hz,Monitor,E970SWN
"AOC - G2590Px, 24.5 Inch (62.23 Cm) 1920 x 1080 Pixels, Led Gaming Monitor with Hdmix2/Vga Port/Display Port/USB Hub,Full Hd, Free Sync, 144Hz, 1Ms, in-Built Speaker, Wall Mountable (Black)",14999,27499,4.0,37,1920 x 1080,24.5,AOC,144 Hz,Gaming Monitor,G2590PX
"AOC 22B1Hs 21.5 Inch (54.6 Cm), 1920 X 1080 Pixels, Full Hd LCD Monitor with Led Backlight with Hdmi/Vga Port, Black",7999,14390,4.0,24,1920 x 1080,21.5,AOC,60 Hz,Monitor,22B1HS
"AOC 22B2H 21.5 Inch Ultra Slim LED Monitor Which is 3 Sided Frameless with Va Panel Hdmi/Vga Port, Full Hd, Free-Sync, 6.5 Ms Response Time, 75Hz Refresh Rate, Vesa Mount Support, Flicker-Free, Black",6499,14999,4.3,77,1920 x 1080,21.5,AOC,75 Hz,Monitor,22B2H
"AOC 22B2Hm 21.5 Inch Monitor, Va Panel LCD Monitor, Borderless Experience, Ultra Slim with Hdmi Cable, Black",6600,13790,4.1,9,1920 x 1080,21.5,AOC,75 Hz,Monitor,22B2HM
"AOC 22B2Hn, 21.5 Inch (54.6 Cm) LED 1920 x 1080 Pixels Ultra Slim Monitor with 3 Sided Frameless Design, Va Panel, Hdmi/Vga Port, Full Hd, 7 Ms Response Time, 75 Hz Refresh Rate, Flicker Free, Black",6099,13790,3.8,36,1920 x 1080,22.0,AOC,75 Hz,Monitor,22B2HN
"AOC 22E1Q 21.5 Inch LCD Monitor with Led Backlight and Vga/Display/Hdmi Port, Black",9151,14590,4.4,33,1920 x 1080,54.6,AOC,60 Hz,Monitor,22E1Q
"AOC 22inch IPS Ultra Slim Frameless Monitor - FUll HD, VGA, HDMI, Low Blue Mode, VESA Mount, 22B1HS 3 Yr Warranty",11099,19000,4.3,212,1920 x 1080,21.5,AOC,60 Hz,Monitor,22B1HS
"AOC 23.8-inch LED 1920 x 1080 Pixels Monitor with Display Port, HDMI Port, Ultra Slim - 24V2Q (Black)",10490,16990,4.4,287,1920 x 1080,23.8,AOC,75 Hz,Monitor,24V2Q
"AOC 23.8-inch LED Monitor with VGA Port, HDMI Port, Display Port - 24E1Q (Black)",11599,16000,3.9,41,1920 x 1080,24.0,AOC,60 Hz,Monitor,24E1Q
"AOC 23.8-inch LED Monitor with VGA Port, HDMI Port,USB Hub, Display Port, Height Adjustable Stand - 24P1 (Black)",15989,20000,4.5,70,1920 x 1080,23.8,AOC,60 Hz,Monitor,24P1
"AOC 24B1Xhs, 23.8 Inch (60.4 Cm) 1920 X 1080 Pixels, LCD Monitor Withhdmi/Vga Port, Full Hd, Wall Mountable, 3 Side Borderless, Black",11500,15400,4.3,394,1920 x 1080,60.4,AOC,60 Hz,Monitor,24B1XH
"AOC 24B2XH 60.45 cm (23.8"") LED 1920 x 1080 Pixels (Full HD) Ultra Slim Monitor which is 3 Sided Frameless with IPS Panel HDMI/VGA Port, Full HD, Free Sync, 8 ms Response Time, 75Hz Refresh Rate,Black",8789,10999,4.4,254,1920 x 1080,23.8,AOC,75 Hz,Monitor,24B2XH
"AOC 24B2XHM 60.45 cm (23.8"") LED 1920 x 1080 Pixels Ultra Slim Monitor with 3 Sided Frameless Design, VA Panel, HDMI/VGA Port, Full HD, 6 ms Response Time, 75Hz Refresh Rate, VESA Mount, Black",7300,15999,4.1,9,1920 x 1080,24.0,AOC,75 Hz,Monitor,24B2XHM
"AOC 24G2E5 24 Inch (61 Cm) 1920 X 1080 Pixels Fhd IPS Gaming LCD Monitor with 75Hz Refresh Rate, 1 Ms Response Time, Adaptivesync, HDR, Tilt Adjustment, Black",9999,14999,4.0,47,1920 x 1080,25.0,AOC,75 Hz,Gaming Monitor,24G2E5
"AOC 27B2H 68.58 cm (27"") LED 1920 x 1080 Pixels Ultra Slim Monitor which is 3 Sided Frameless with IPS Panel HDMI/VGA Port, Full HD, Free Sync, 75Hz Refresh Rate, Adjustable Stand, Flicker Free, Black",9500,22490,4.4,55,1920 x 1080,27.0,AOC,75 Hz,Monitor,27B2H
"AOC E2070Swhn 19.5 Inch Hd 1600X900 LED Monitor, 5Ms, Hdmi/Vga, Vesa, Epeat Silver, Energystar",5145,11290,4.0,364,1600 x 900,19.5,AOC,60 Hz,Monitor,E2070SWHN
"AOC E2270Swn 21.5-Inch Monitor, LED, Black, Pack of 1",6290,11999,4.3,350,1920 x 1080,21.5,AOC,60 Hz,Monitor,E2270SWN
"AOC E2272PWUT 21.5"" (53.3cm) LED Touch Monitor with VGA Port, HDMI*2 Ports, USB 2.0, Black",21999,35000,3.3,10,1920 x 1080,21.5,AOC,60 Hz,Touch Monitor,E2272PWUT
"AOC e970swn 18.5-Inch LED-Lit Monitor, 1366 x768 Resolution, 5ms, 20M:1 DCR, VGA, VESA",6849,8990,4.0,365,1366 x 768,18.5,AOC,60 Hz,Monitor,E970SWN
"AOC G2490Vx 24 Inch (60.45 Cm) Borderless Gaming Led Monitor with Full Hd 1920 X 1080 Pixels, 1Ms Response Time, 144Hz Refresh Rate, Freesync Premium, Black",9400,21990,4.2,63,1920 x 1080,24.0,AOC,144 Hz,Gaming Monitor,G2490VX
"AOC G2590Vx Lcd Gaming Monitor With Led Backlight 25Inch(63.5 Cm) 1920 x 1080 Pixels (Full Hd) With Hdmix2 /Vga Port/Display Port, Full Hd, 75Hz Refresh Rate, Response Time-1Ms In-Built Speaker, Black",15400,16500,4.3,573,1920 x 1080,25.0,AOC,75 Hz,Gaming Monitor,G2590VXQ
"AOC Gaming 24G2Z - 24 Inch FHD Monitor, (1920x1080 @ 240 Hz, USB 3.0), IPS, 0.5ms Response Time, AMD G-SYNC Compatible, Height Adjust, USB Hub (Black & Red)",20700,44999,3.0,2,1920 x 1080,24.0,AOC,240 Hz,Gaming Monitor,24G2Z/94
AOC Monitor 18.5 inch HD LED Backlit LCD e970Swnl Monitor,8990,14999,5.0,1,1280 x 720,18.5,AOC,60 Hz,Monitor,E970SWNL
"APILDELLA 14'' 1080P Portable Dual Monitor Extender for Laptops - USB C and HDMI, Plug-Play for Dual Display on Mac and Windows, Fits 13''-17.3'' Laptops",27879,34879,4.2,31,1920 x 1080,14.0,APILDELLA,60 Hz,Portable Monitor,None
"ARZOPA Portable Monitor 15.6'' FHD 1080P - Ultra-Slim Portable Laptop Monitor with Kickstand - IPS Display for PC, MAC, Phone, Xbox, PS5 - USB C & HDMI Connectivity - A1",17999,26999,4.4,5955,1920 x 1080,15.6,ARZOPA,60 Hz,Portable Monitor,None
"ARZOPA Portable Monitor 17.3 Inch, 1080P FHD HDR IPS Kickstand Laptop Computer Monitor HDMI USB C External Screen for PC Mac Phone Xbox Switch PS5 -A1M",20999,35999,4.2,339,1920 x 1080,17.3,ARZOPA,60 Hz,Portable Monitor,None
"ASUS - Vg258Qr, 24.5-Inch (62.23 Cm) Full Hd 1920 x 1080 Pixels, Nvidia G-Sync Compatible Esports Gaming LCD Monitor, 0.5Ms, Up to 165 Hz, Dp, Hdmi, Low Blue Light, Flicker Free (Black)",22999,29999,4.3,2176,1920 x 1080,25.0,ASUS,165 Hz,Gaming Monitor,90LM0453-B01370
"ASUS 23.8” (60.45cm) 1080P Monitor (VA24DCP) - Full HD, IPS, 75Hz, USB-C 65W Power Delivery, Speakers, Adaptive-Sync/FreeSync, Low Blue Light, Flicker Free, Eye Care, VESA Mountable, Frameless, HDMI",21863,26999,4.0,78,1920 x 1080,24.0,ASUS,75 Hz,Monitor,VA24DCP
"ASUS 23.8” 1080P Monitor (VZ24EHE) - Full HD, IPS, 75Hz, 1ms, Adaptive-Sync/FreeSync, Low Blue Light, Flicker Free, Ultra-Slim, VESA Mountable, Frameless, HDMI, VGA",10549,17999,4.4,101,1920 x 1080,23.8,ASUS,75 Hz,Monitor,VZ24EHE
"ASUS 27” 1080P Monitor (VZ27EHE) - Full HD, IPS, 75Hz, 1ms, Adaptive-Sync/FreeSync, Low Blue Light, Flicker Free, Ultra-Slim, VESA Mountable, Frameless, HDMI, VGA",20770,29999,4.5,197,1920 x 1080,27.0,ASUS,75 Hz,Monitor,VZ27EHE
"ASUS ProArt Display 31.5” 1440P Monitor (PA328QV) – IPS, QHD (2560 x 1440), 100% sRGB, 100% Rec.709, Color Accuracy ΔE < 2, Calman Verified, DisplayPort, HDMI, USB Hub, Height Adjustable,Black",45380,60990,4.3,57,2560 x 1440,31.5,ASUS,75 Hz,Monitor,PA328QV
"ASUS ProArt Display PA247CV 23.8” (60.45cm) Monitor, 1080P Full HD, 100% sRGB/Rec. 709, IPS, ΔE < 2, USB-C HDMI DisplayPort with Daisy-Chaining, Calman Verified, Eye Care, Anti-Glare, Ergonomic Stand",21240,35999,4.6,387,1920 x 1080,24.0,ASUS,75 Hz,Monitor,PA247CV
"ASUS Proart Display PA278QV WQHD, 27 Inch (68.58 Cm) 2560 X 1440 Pixels Monitor, 100% Srgb/Rec. 709, E < 2, IPS, Displayport Hdmi Dvi-D Mini Dp, Calman Verified, Eye Care, Anti-Glare (Black)",28799,34999,4.5,2427,2560 x 1440,27.0,ASUS,75 Hz,Monitor,PA278QV
"ASUS ProArt PA279CV 27"" Professional Monitor, 4K (3840x2160), IPS, 100% sRGB, PD 65W, â–³E< 2",43599,54499,3.6,27,3840 x 2160,27.0,ASUS,60 Hz,Monitor,PA279CV-cr
"ASUS Proart Pa279Cv with 27 Inch (68.58 Cm) Led Professional Monitor, IPS, 4K 3840 X 2160 Pixels, IPS, 100% Srgb, Pd 65W,³E< 2 (Black)",54499,64999,4.2,544,3840 x 2160,27.0,ASUS,60 Hz,Monitor,PA279CV
"ASUS ROG Strix 27 4K HDR 144Hz DSC Gaming Monitor (XG27UQR) - UHD (3840 x 2160) Pixels, IPS, 1ms, Extreme Low Motion Blur, DisplayHDR 400, DCI-P3 90%, G-SYNC Compatible, Eye Care, USB 3.0, Black",117647,154647,4.2,275,3840 x 2160,27.0,ASUS,144 Hz,Gaming Monitor,XG27UQR
"ASUS Tuf - Vg259Qr Gaming 25 Inch (63.5 Cm) 1920 x 1080 Pixels LCD Monitor - Full Hd, 165Hz, 1Ms, Extreme Low Motion, Speaker, Shadow Boost, Vesa Mountable, Displayport, Hdmi Black",22227,40000,4.6,620,1920 x 1080,25.0,ASUS,165 Hz,Gaming Monitor,VG259QR
"ASUS Tuf Gaming 23.8 Inch 1080P LED Monitor(Vg247Q1A)-Full Hd,165Hz(Supports 144Hz) 1Ms,Extreme Low Motion Blur,Adaptive-Sync,Freesync Premium,Shadow Boost,Speakers,Eye Care,Hdmi,Displayport,Black",13999,25999,4.5,326,1920 x 1080,23.8,ASUS,165 Hz,Gaming Monitor,VG247Q1A
"ASUS Tuf Gaming Vg28Uql1A, 28 Inch (71.12 Cm) 4K Hdmi 2.1 Gaming Led Monitor 28 Inch Uhd 4K 3840 X 2160 Pixels, Fast IPS, 144Hz, Hdmi 2.1, Dsc, Free-Sync Premium, G-Sync (Black)",75980,85000,4.3,483,3840 x 2160,28.0,ASUS,144 Hz,Gaming Monitor,VG28UQL1A
"ASUS TUF VG279Q1R Gaming Led Monitor - 27Inch (68.8 Cm) 1920 X 1080 Pixels, IPS Full Hd, IPS, 1Ms (Mprt), 144Hz, Freesync Premium, Black",17598,24999,4.3,185,1920 x 1080,27.0,ASUS,144 Hz,Gaming Monitor,VG279Q1R
"ASUS VA24EHF Eye Care Gaming Monitor 24-inch (23.8-inch viewable), IPS, Full HD, Frameless, 100Hz, Adaptive-Sync, 1ms MPRT, HDMI, Low Blue Light, Flicker Free, Wall Mountable",10940,13999,2.8,5,1920 x 1080,23.8,ASUS,100 Hz,Gaming Monitor,VA24EHF
"ASUS VT229H 21.5 inch Monitor 1080P IPS 10-Point Touch Eye Care with HDMI VGA, Black",44623,59623,4.5,794,1920 x 1080,21.5,ASUS,60 Hz,Touch Monitor,VT229H
"ASUS Zenscreen Mb16Amt 15.6"" Full Hd Portable Monitor Touch Screen Ips Non-Glare Built-In Battery And Speakers Eye Care Usb Type-C Micro Hdmi W/Foldable Smart Case, Black",59208,80208,3.9,1000,1920 x 1080,15.6,ASUS,60 Hz,Portable Monitor,MB16AMT
"BenQ 23.8 Inch Eye-Care Fhd Ips Monitor (Ew2480), Black",8631,18990,3.4,18,1920 x 1080,23.8,BenQ,60 Hz,Monitor,EW2480-cr
"BenQ EW2780 27 Inch(68cm) 1920 x 1080 Pixels Premium HDR IPS Full HD 3-Side Bezel-Less Monitor, Speakers, AMD Freesync, HDMIx3, VESA Wall Mountable, 75Hz(Black)",16999,20990,4.3,1480,1920 x 1080,27.0,BenQ,75 Hz,Monitor,EW2780
"BenQ EW2880U 28 Inch/71 cms 3840 x 2160 Pixels Premium HDR IPS 4K Bezel-Less Monitor with Remote Control, AMD Freesync, Premium Sound with TreVolo, 90% DCI-P3, HDMI, DP, USB-C(PD 60W)(Black)",29654,49990,4.4,228,3840 x 2160,28.0,BenQ,60 Hz,Monitor,EW2880U
"BenQ EW3270U 32""/80cm LED 3840 x 2160 Pixels Premium HDR 4K Bezel-Less Monitor, Anti-Glare, Brightness Intelligence Plus, AMD Freesync, Speakers, 95% DCI-P3, HDMI, DP, USB-C (Black)",27990,44990,4.1,3275,3840 x 2160,32.0,BenQ,60 Hz,Monitor,EW3270-T
"BenQ EW3280U 32 inch(81cm)Premium IPS 4K Bezel-less Monitor with REMOTE CONTROL- EyeCare,AMDFreesync,HDR10,VESA HDR400,Premium Sound with TreVolo,95%DCI-P3,HDMI,DP,USB-C(PD 60W)(Metallic Brown-Black)",44990,69990,4.3,367,3840 x 2160,32.0,BenQ,60 Hz,Monitor,EW3280U
"BenQ EW3880R 38"" (96 cm) WQHD+ Ultrawide 2300R Curved Monitor, IPS, Bezel-Less, HDR, 3840 x 1600 Pixels, 2.1 Channel Speaker, USB-C, Height Adjustable, Remote Control, Metallic Brown",79811,119990,4.1,9,3840 x 1600,37.5,BenQ,60 Hz,Monitor,EW3880R
"BenQ Gw2283 21.5 Inch Full Hd Led Monitor Ips Display Dual Hdmi, Black",8899,10999,4.3,1723,1920 x 1080,21.5,BenQ,60 Hz,Monitor,GW2283
"BenQ Gw2480T 24 Inches 1080P 1920 X 1080 Pixels Ips Eye-Care Monitor, Height Adjustment, H, Black",8880,10700,4.0,13,1920 x 1080,27.0,BenQ,60 Hz,Monitor,2480T-cr
"BenQ GW2485TC 24"" 1920x1080 IPS Full HD 75Hz Ultra-Slim Bezel Monitor with Height Adjustment, Eye Care, Brightness Intelligence, Speakers, USB-C (PD 60W), HDMI, DP, Coding Mode, Daisy Chain (Black)",14998,25990,4.1,747,1920 x 1080,23.8,BenQ,75 Hz,Monitor,GW2485TC
"BenQ GW2490 23.8” 1080p FHD IPS Monitor, 100Hz,99%sRGB,Eye-careU,Dual HDMI,Display Port,Bezel-less,Eyesafe,VESA MediaSync, Brightness Intelligence,Low Blue Light+, Speakers,VESA Wall mountable(Black)",8698,13990,4.4,21285,1920 x 1080,23.8,BenQ,100 Hz,Monitor,GW2490
"BenQ MOBIUZ EX240 24""(60cm) IPS Bezel-Less HDR Gaming Monitor with Height Adjust-Full HD,350nits,99% sRGB,165Hz,1ms MPRT,AMD FreeSync Premium,Black Equalizer,treVolo Speakers,HDMI,DP,USB 3.0Hub(Gray)",15990,24990,4.5,237,1920 x 1080,23.8,BenQ,165 Hz,Gaming Monitor,EX240
"BenQ MOBIUZ EX240N 24""(60cm) Premium VA Panel Bezel-Less HDR Gaming Monitor- Full HD,165Hz,1ms MPRT,AMD FreeSync Premium,Light Tuner,Color Vibrance,Black Equalizer,treVolo Speakers,HDMI,DP(Gray)",13990,21000,4.6,751,1920 x 1080,23.8,BenQ,165 Hz,Gaming Monitor,EX240N
"BenQ MOBIUZ EX270M 27""(68cm) HDR IPS 240Hz Gaming Monitor with Height Adjustment- FHD,99% sRGB,1ms MPRT,400nits,AMD FreeSync Premium,Black Equalizer,treVolo Speakers,HDMI,DP,USB 3.0Hub(Metallic Grey)",28500,42500,3.9,28,1920 x 1080,27.0,BenQ,240 Hz,Gaming Monitor,EX270M
"BenQ MOBIUZ EX2710R QHD 27""(68cm) VESA DisplayHDR400 IPS Curved Gaming Monitor with Remote-1000R,90% DCI-P3,165Hz,1ms MPRT,AMD FreeSync Premium Pro,treVolo Speakers,HDMI,DP,USB 3.0Hub(Metallic Grey)",32990,54990,4.4,441,2560 x 1440,27.0,BenQ,165 Hz,Gaming Monitor,EX2710R
"BenQ MOBIUZ EX2710S 27""(68cm) IPS Bezel-Less HDR Gaming Monitor with Height Adjust-Full HD,99% sRGB,165Hz,1ms MPRT, AMD FreeSync Premium,Black Equalizer,treVolo Speakers,HDMI,DP(Dark Grey)",18625,29990,4.6,2215,1920 x 1080,27.0,BenQ,165 Hz,Gaming Monitor,EX2710S
"BenQ MOBIUZ EX2710U 4K UHD 27""(68cm) VESA DisplayHDR600 IPS Gaming Monitor with Remote-4k@120Hz PS5 Compatible,98%DCI-P3,144Hz,1ms MPRT,AMD FreeSync Premium Pro,Speakers,HDMI 2.1,DP,USB 3.0Hub(White)",64990,89990,4.1,257,3840 x 2160,27.0,BenQ,144 Hz,Gaming Monitor,EX2710U
"BenQ PD2500Q 25""(63cm) 2K QHD IPS DesignVue Color Accurate Monitor 100% Rec 709,100% sRGB,Pantone Validated,Calman Verified,DeltaE<3,CAD/CAM & Animation Mode,Daisy Chain, HDMI,DP,USB,Auto Pivot,Black",24990,29990,4.5,926,2560 x 1440,25.0,BenQ,60 Hz,Monitor,PD2500Q
"BenQ PD2506Q 25""(63Cm) 2K QHD IPS DesignVue Color Accurate Monitor,HDR10,95%P3,100% Rec709,100% sRGB,Pantone Skintone Validated,CAD/CAM & Animation Mode,Auto Pivot,Daisy Chain,HDMI,DP,USB-C(65W)Black",28500,46990,4.3,32,2560 x 1440,25.0,BenQ,60 Hz,Monitor,PD2506Q
"BenQ Pd2700Q 27 Inch (68.58Cm) Designvue Designer Led IPS Monitor with 2K Qhd 2560 X 1440 Pixels, 100% Srgb, Aqcolor Technology, Dualview Function, Built-in Speaker(Black)",27200,34990,4.4,1858,2560 x 1440,27.0,BenQ,60 Hz,Monitor,PD2700Q
"BenQ PD2705Q 27"" 2560x1440 QHD IPS DesignVue Color Accurate Monitor HDR10,100% Rec709,100% sRGB,Pantone Validated,Calman Verified,Daisy Chain,CAD/CAM&Animation Mode,Auto Pivot,HDMI,DP,USB-C(65W)Black",29490,42500,4.4,299,2560 x 1440,27.0,BenQ,60 Hz,Monitor,PD2705Q
"BenQ Pd2706Ua 27Inch(68Cm) IPS 4K HDR Ergoarm Monitor,95% P3,99% Rec709 & Srgb,Deltae? 3,Pantone Skintone Validated,Cad/Cam & Animation Mode,Auto Pivot,Pip/Pbp,USB Hub,Hdmi,Dp,USB-C(Pd90W)(Dark Gray)",45299,63990,4.5,29,3840 x 2160,27.0,BenQ,60 Hz,Monitor,PD2706UA
"BenQ PD3205U 31.5"" (80.01 cm) LCD 3840 x 2160 Pixels 4K Monitor, UHD, sRGB, Rec.709, HDR10, IPS, AQCOLOR Technology, Factory-Calibrated, Color Mode, Darkroom Mode,CAD/CAM Mode,Hotkey Puck G2,KVM,Grey",48990,69990,4.3,152,3840 x 2160,32.0,BenQ,60 Hz,Monitor,PD3205U
"BenQ Sw270C 27 inches (68.58 cm) 2560 X 1440 Pixels, LCD 2K Photo Editing Monitor, of Adobe RGB, of Srgb/Rec.709, and of Dci-P3/Display P3, USB-C Connectivity, Black",74499,84990,4.4,1059,3440 x 1440,27.0,BenQ,60 Hz,Monitor,9H.LHTLB.QPE
"BenQ Sw272Q,Pro Photo&Video Editing 2K Monitor,27""Ips Art Panel,99%Adobergb,98%P3,Hdr10,H/W Calibration,Pantone Validated,Deltae<1.5,Hdmi,Dp,Card Reader,Usb-C(90W)Shading Hood,Wireless Controller,Grey",64990,84990,4.3,9,2560 x 1440,27.0,BenQ,60 Hz,Monitor,SW272Q
"BenQ ZOWIE XL2411K 24""(61cm)Premium Esports Grade TN Panel Monitor with Height Adjustment-Full HD,144Hz, 1ms,320nits,DyAc,Black eQualizer,Color Vibrance,XL Setting to Share,HDMI,DP,Matte Finish(Gray)",19299,32000,4.5,3025,1920 x 1080,24.0,BenQ,144 Hz,Monitor,XL2411K
"BenQ Zowie XL2546K 24.5""(62cm) Premium Esports Grade TN Panel Monitor with Shield & S-Switch,Height Adjust-Full HD,240Hz, 1ms,DyAc+,Black Equalizer,Color Vibrance,XL Setting to Share,HDMI,DP(Gray)",35900,49990,4.5,3025,1920 x 1080,24.5,BenQ,240 Hz,Monitor,XL2546K
"CAPERAVE Portable Monitor for Laptop, 15.6'' 1080P FHD Travel Monitor with Kickstand & Speaker, Second Monitor USB C HDMI, Gaming External Screen for Computer Laptop PC Mac Phone Xbox Switch PS5/4",20629,27629,4.7,199,1920 x 1080,15.6,CAPERAVE,60 Hz,Portable Monitor,CF15
"Chengying 55 Inch 10 Point Multi-Touch Infrared LED Monitor Touch Frame, Ir Touch Panel, Infrared Touch Screen Overlay",84960,93455,4.3,155,None,55.0,Chengying,60 Hz,Touch Monitor,CYS-55-p10
"cocopar Portable Monitor 15.6 Inch 1080P Travel Monitor with Speaker HDMI USB-C External Monitor for Laptop MacBook Surface PC PS5, with Cover Stand VESA",18999,29999,4.8,5105,1920 x 1080,15.6,cocopar,60 Hz,Portable Monitor,None
"cocopar Portable Monitor 18 inch 2.5K 2560×1600 16:10 60Hz 72% NTSC USB-C HDMI Large Portable Monitor for Laptop MacBook PS4/5, Travel Monitor with Kickstand VESA",54961,74961,5.0,6,2560 x 1600,15.6,cocopar,60 Hz,Portable Monitor,US-182K
cocopar Portable Monitor 18.5 inch 1080P 100Hz 72% NTSC USB-C HDMI Large Portable Monitor for Laptop MacBook PS4/5,38629,50629,4.7,14,1920 x 1080,18.5,cocopar,100 Hz,Portable Monitor,US-M185FHLS
"Consistent 15.1"" Inch,Ultra-Slim Computer Led Monitor With Hdmi (1505H), Black, Pack of 1",3199,3500,3.1,41,1920 x 1080,15.1,Consistent,240 Hz,Monitor,1505H
"Consistent 17' Inch Led Monitor 1804, Black, Pack of 1",2400,4500,3.3,534,1920 x 1080,28.0,Consistent,60 Hz,Monitor,1804
"Consistent Led Monitor (CTM 2001) 48.26Cm Wide Display with Hdmi, Black",3876,8200,3.0,152,1440 x 900,19.0,Consistent,60 Hz,Monitor,2001
"CopGain 12'' Portable Monitor for Laptop Screen Extender for 13.6'' MacBook, Designed for MacBook Screen Extender FHD 1080P IPS Display Plug and Play P1M",36098,48098,4.4,134,1920 x 1080,12.0,CopGain,60 Hz,Portable Monitor,None
"Corsair XENEON Flex 45WQHD240 45-Inch OLED (3440 x1440), 240Hz, Bendable Gaming Display - 240Hz - G-SYNC Compatible - FreeSync™ Premium",178990,199999,4.2,34,3440 x 1440,45.0,Corsair,240 Hz,Gaming Monitor,CM-9030001-PE
CP PLUS 22-Inch FHD LED Monitor with 1920×1080P | Support Multiple Signal inputs Including HDMI & VGA | 16.7 Million Colors | Slim Design | Anti-Blue Light for Eye-Protection | CP-UEM-22AH,5700,14999,4.0,48,1920 x 1080,22.0,CP PLUS,75 Hz,Monitor,CP-UEM-22AH
"CUQI 7 Inch Touch Screen Monitor For Raspberry Pi, Portable Ips Display Hdmi 1024 600 Touchscreen With Case, For Gaming Consoles/Pc/Camera/Win Os",15252,26100,4.1,487,1024 x 600,7.0,CUQI,60 Hz,Portable Monitor,EZ LRL Watch 0129 902
"DELL 17"" (43.18 cm) VGA Monitor 1280 x 1024 Pixels at 60 Hz, 5 Ms, TN Panel, Brightness 250 cd/m2 (Typical), Anti-Glare, 3H Hard Coating, Interface VGA & Display Port|E1715S-Black",10590,16999,4.3,96,1280 x 1024,17.0,Dell,60 Hz,Monitor,E1715S
"Dell 20"" (50.08 cm) Monitor-E2020H, HD Plus 1600x900@60Hz, Aspect Ratio-16:9, TN-Panel, Brightness-250 cd/m², Response Time: 5 ms (G-to-G), Screen Coating: Anti-Glare, 1 xDisplay Port 1.2, 1 xVGA.",7300,12999,3.9,27,1600 x 900,20.0,Dell,60 Hz,Monitor,E2020H
"Dell 21.5 inch FHD Monitor P2222H Featuring Comfortview Plus Technology, Security-Lock Slot, HDMI Port, DisplayPort, VGA Connector, Stand Lock, Height Adjustment 150mm.",11099,17999,4.6,12,1920 x 1080,21.5,Dell,60 Hz,Monitor,E2222H
"Dell 22"" (55.88 cm) USB-C Monitor-P2223HC, Resolution 1920 x 1080 at 60 Hz, IPS Panel, Built-in Devices-USB 3.2 Gen 1/USB-C hub, Response Time- 5ms Fast, HDMI, 2x DisplayPort, USB-C Port, USB 3.2 Gen1",14399,48999,3.9,15,1920 x 1080,21.5,Dell,60 Hz,Monitor,P2223HC
Dell 24 Inch (60.96 cm)| FHD 1920 x 1080 Pixels at 75 Hz|IPS Panel|Adaptive-Sync Technology|4ms Response Time|99% sRGB Color gamut|Built-in Camera & Speaker |S2422HZ-Grey,22220,48999,4.3,161,1920 x 1080,24.0,Dell,75 Hz,Monitor,S2422HZ
"Dell 24"" (60.45 cm) UltraSharp Monitor-U2424H, Resolution 1920 x 1080 at 120 Hz, IPS-Panel, Response Time- 5ms Fast, HDMI, 2X DisplayPort 1.4, 2 x USB Type-C 3.2 Gen 2, 3 x USB Type-A",20490,29999,4.5,2,1920 x 1080,23.8,Dell,120 Hz,Monitor,U2424H
"Dell 24"" (60.96 cm) FHD Monitor 1920 x 1080 Pixels at 60 Hz|IPS Panel|Anti-Glare|Built-in Devices: USB-C Hub|Brightness: 250 cd/m²|16.7 Million Colours|P2422HE-Black",16550,23999,4.6,86,1920 x 1080,24.0,Dell,60 Hz,Monitor,P2422HE
"Dell 24"" (60.96 cm) FHD Touch-Screen Monitor 1920 x 1080 at 60 Hz| IPS Panel|Built-in Devices USB Hub|Brightness: 250 cd/m²|16.7 Million Colors|Color Gamut 72% (CIE 1931), 84% (CIE 1976)|P2418HT-Black",33711,50000,4.5,200,1920 x 1080,60.5,Dell,60 Hz,Touch Monitor,P2418HT
"Dell 24"" (60.96) FHD Monitor 1920 x 1080 at 60 Hz|IPS Panel|Built-in Devices: USB 3.2 Gen 2/USB-C Hub|Brightness: 250 cd/m²|Contrast Ratio 1000:1|16.7 Million Colors|Anti-Glare 3H Hardness|U2422H-Grey",20500,26999,4.3,121,1920 x 1080,24.0,Dell,60 Hz,Monitor,U2422H
"Dell 24""/60.96 cmFHD Gaming Monitor 1920 x 1080 Pixels, IPS Panel, NVIDIA® G-SYNC® Compatible Certified, AMD FreeSync, Premium Technology, 2X HDMI, 1x Display Port, 1x Audio Line Out|G2422HS-Black",25699,31926,4.3,1300,1920 x 1080,23.8,Dell,165 Hz,Gaming Monitor,G2422HS
"Dell 27"" (68.58 cm) FHD Monitor 1920 x 1080 at 60 Hz|IPS Panel|Built-in Devices USB 3.2 Gen 1/USB-C Hub (65w)|Brightness 300 cd/m²|16.7 Million Colours|99% sRGB|P2722HE-Black",19990,39848,4.4,19,1920 x 1080,27.0,Dell,60 Hz,Monitor,DELL-P2722HE
"Dell 27"" (68.58 cm) FHD Monitor 1920 x 1080 Pixels at 75 Hz|IPS Panel|Aspect Ratio 16:9|AMD FreeSync|Brightness: 300 cd/m²|Contrast Ratio 1000:1/1000:1 (Dynamic)|Color Gamut: 99% sRGB|S2723HC-Black",36500,58990,4.6,42,1920 x 1080,27.0,Dell,75 Hz,Monitor,S2723HC
"Dell 27"" (68.58 cm) Monitor FHD 1920 x 1080 Pixels at 60 Hz, IPS Panel, Anti-Glare, HDMI, VGA, LED Displayport|P2722H-Black",15500,19999,4.6,1086,1920 x 1080,27.0,Dell,60 Hz,Monitor,P2722H
"Dell 27"" (68.58 cm) QHD Monitor 2560 x 1440 at 60 Hz|Built-in Devices: IR Camera, USB 3.2 Gen 1/USB-C Hub(90w) & Dual 5w Speaker |IPS Panel|Brightness: 350 cd/m²|C2722DE-Black",50999,75999,4.1,35,2560 x 1440,27.0,Dell,60 Hz,Video Conferencing Monitor,DELL-C2722DE
"Dell 27"" (68.58 cm) UltraSharp 27 Monitor-U2724D, 2560x1440 at 120 Hz, IPS Panel, Adjustability- Height, Tilt, Swivel, Pivot 2 x DisplayPort, 1 x HDMI, 2 x USB-Type C, 3 x USB Type-A, Audio line Out",31900,49999,4.3,8,2560 x 1440,27.0,Dell,120 Hz,Monitor,U2724D
"Dell 27"" (68.58cm) QHD Monitor 2560 x 1440 at 60 Hz|IPS Panel|Built-in Devices USB-C Hub|Brightness 350 cd/m²|16.7 Million Colors|Color Gamut 99% sRGB|P2723DE-Black",24900,46639,4.4,15,2560 x 1440,27.0,Dell,60 Hz,Monitor,DELL-P2723DE
"Dell 32"" (81.28 cm) Curved 4K UHD Monitor - S3221QS, Resolution 3840 x 2160 at 60 Hz, VA-Panel, AMD FreeSync, Built in Dual 5w Speakers, 2 x HDMI, DisplayPort 1.2, 3 xUSB 3.0, Audio line-Out",48500,69999,4.3,267,3840 x 2160,31.5,Dell,60 Hz,Monitor,S3221QS
"Dell 32""/81.28 cm 4K Monitor 3840 x 2160 Pixels at 60 Hz|IPS Panel|Built-in Devices USB 3.2 Gen 1/USB-C Hub (65w)|Brightness: 350 cd/m²|1.07 Billion Colours|Anti-Glare, 3H Hard Coating|P3222QE-Black",61133,75000,4.1,17,3840 x 2160,32.0,Dell,60 Hz,Monitor,DELL-P3222QE
"Dell 34.14"" (86.71 cm) UltraSharp Curved USB-C Hub Monitor-U3423WE, WQHD 3440 x 1440 at 60 Hz, HDMI x2, DisplayPort, Type-C USB 3.2 Gen2 x 2, Audio line-Out, 2 x USB 3.2 Gen2 Type-A, 2 xSpeakers (5w)",69999,177715,4.8,5,3440 x 1440,34.0,Dell,60 Hz,Monitor,DELL-U3423WE
"Dell 42.51"" (107.97 cm) UltraSharp 4K USB-C Hub Monitor-U4323QE, Resolution 3840 x 2160 at 60 Hz, 2 x DP Port 1.4, 5 x USB-C, 4 x Super Speed USB-A, Analog 2.0 Audio Line Out Jack (3.5mm), RJ45 Port",84490,115584,4.5,2,3840 x 2160,43.0,Dell,60 Hz,Monitor,DELL-U4323QE
"Dell Alienware-Aw2721D(68.58 Cm) Qhd Gaming Monitor,2560 X 1440 At 240Hz(Dp)144Hz(Hdmi)|Ips Panel|Brightness 450 Cd/M²|Color 1.07 Billion|Contrast Ratio 1000:1|Response Time 1Ms|Warranty 5 Year,Black",108299,137099,4.3,299,2560 x 1440,27.0,Dell,240 Hz,Gaming Monitor,AW2721D
"Dell D1918H 18.5"" (46 cm) HD Monitor 1366X768 Pixels@60Hz, TN Panel, 3Yrs Warranty, Brightness 200 cd/m², Contrast Ratio 600:1, 16.7m Colours, Colour Gamut 72% NTSC(CIE 1931), HDMI & VGA, Tilt Adjust",5799,10000,4.2,1437,1366 x 768,18.5,Dell,60 Hz,Monitor,D1918H
"Dell D2020H (49.53 cm) HD+ monitor, TN Panel, Contrast Ratio 600:1/600:1(Dynamic)16.7 Million Colours,Colour Gamut 72% Ntsc(Cie 1931), 3-Year Warranty, HDMI & VGA, Tilt adjustment",5999,13719,4.2,425,1600 x 900,19.5,Dell,60 Hz,Monitor,D2020H
"Dell Dell-E2424HS, 23.8"" (60.45 cm) Full HD 1920 x 1080 at 60 Hz, VA-Panel, Built-in Dual Speakers, Brightness 250 cd/m², Colour Support 16.7m, Response Time, 5 ms (Grey-to-Grey Fast), Comfortview.",10270,27999,5.0,2,1920 x 1080,24.0,Dell,60 Hz,Monitor,DELL-E2424HS
"Dell Dell-E2724HS, 27.01"" (68.60 cm) Full HD 1920 x 1080 at 60 Hz, VA-Panel, Built-in Dual Speakers, Brightness 300 cd/m², Colour Support 16.7m, Response Time, 5 ms Grey-to-Grey Fast, Comfortview.",13370,33729,4.0,1,1920 x 1080,27.0,Dell,60 Hz,Monitor,DELL-E2724HS
"Dell -E2222Hs, 5 Year Warranty, Height/Tilt Adjustable Stand, Built-in-Speakers, Full Hd 1920 X 1080 at 60Hz, Va Panel, Hdmi, LED, Dp, Vga Port.",8450,24429,4.1,15,1920 x 1080,21.5,Dell,60 Hz,Monitor,E2222HS
Dell E2223Hn 21.5 Inch Va/Full Hd/Vga/Hdmi - LCD Monitor - 16:9 - Black,7890,10900,4.6,13,1920 x 1080,21.5,Dell,60 Hz,Monitor,E2223HN
"Dell -E2423H (60.96 Cm) 24"" Full Hd LCD Monitor 1920X1080 at 75 Hz, Va Panel, 16:9 Aspect Ratio, 5Ms (Fast), Anti-Glare, 3 Year Warranty, Grey",10800,30759,4.4,20,1920 x 1080,23.8,Dell,75 Hz,Monitor,E2423H
"Dell LED 22"" (55.88 cm) 1920 X 1080 Pixels FHD Monitor - E2216HV-Black",7900,23999,4.3,302,1920 x 1080,22.0,Dell,60 Hz,Monitor,SE2216HV
"Dell Monitor SE2723DS 27"", IPS, QHD, 2560 x 1440 Pixels, 16:9, 8 ms, 350 cd/m², Black, 75 Hz, HDMI and Display Port, 5 Year Warranty",22900,35999,4.0,9,2560 x 1440,27.0,Dell,75 Hz,Monitor,None
"Dell P2422H 24 Inch, FHD Monitor 1920x1080 Pixels, IPS Panel, 3-Year Warranty, Low BlueLight Technology, 3-Sided bezelless, HDMI, VGA, DP & USB Ports, Pivot(Rotation), Swivel, Tilt & HAS, AMD FreeSync",11500,34629,4.3,4837,1920 x 1080,24.0,Dell,60 Hz,Monitor,DELL-P2422H
"Dell P2422HE 24"" (60.96 cm) FHD 1920 x 1080 at 60 Hz, Built-in Devices-USB-C Hub(65w), IPS Panel, Response Time 5ms (G-to-G Fast), Brightness 250 cd/m², 99% sRGB, Anti-Glare, Flicker Free Technology",16769,34999,4.5,243,1920 x 1080,24.0,Dell,60 Hz,Monitor,DELL-P2422HE
"Dell Professional 21.5 inches Full HD Monitor, Wall Mountable, Height Adjustable, IPS Panel with HDMI, VGA DP and USB Ports (Resolution - 1920 x 1080 Pixels, Black) - P2222H",11040,16999,4.3,271,1920 x 1080,22.0,Dell,60 Hz,Monitor,DELL-P2222H
"DELL S2421H/Hm (60.96 Cm) Fhd 1920 X 1080 at 75Hz, Built-in Dual Speakers Monitor, IPS Panel, Brightness 250 Cd/M², Contrast 1000:1, Gamut: 99% Srgb, 16.7M Colors, Response Time 4Ms, Grey",10299,25099,4.5,1065,1920 x 1080,23.8,Dell,60 Hz,Monitor,S2421H
"Dell S2422HG (60.96 cm) FHD Curved Screen (1500R) Gaming Monitor 1920X1080, 165 Hz, 1ms, Brightness: 350 Cd/M²,Anti-Glare 3H Hardness, LED Edgelight System, 16.7M Colors, 3 Year Warranty, Black",11399,26299,4.4,308,1680 x 1050,15.6,Dell,165 Hz,Gaming Monitor,3520
"Dell S2422HZ 24-inch FHD 1920 x 1080 75Hz Video Conferencing Monitor, Pop-up Camera, Noise-Cancelling Dual Microphones, Dual 5W Speakers, USB-C connectivity, 16.7 Million Colors, Silver (Latest Model)",34499,38557,4.6,3,1920 x 1080,24.0,Dell,75 Hz,Monitor,None
"Dell S2721HNM 27"" (68.96 cm) FHD Monitor 1920 X 1080 Pixels @75Hz, IPS Panel, 5-Year Warranty, 99% sRGB, Low Blue Light Technology, 3-Sided bezelless, HDMI x2, Tilt Adjustment, AMD FreeSync",12899,33989,4.3,1207,1920 x 1080,27.0,Dell,75 Hz,Monitor,DELL-S2721HN
"Dell S2721QSM (68.58 cm) 4K Monitor UHD 3840 x 2160 at 60Hz, IPS Panel, Built-in Dual Speakers, AMD FreeSync, 99% sRGB, 4MS (Extream), Anti-Glare 3H Hardness, 1.07 Billion Colors, 5 Year Warranty",30738,43720,4.0,1,3840 x 2160,27.0,Dell,60 Hz,Monitor,S2721QSM
"Dell SE2222H 22"" (55.88 cm) FHD Monitor 1920 X 1080 Pixels @60Hz, VA Panel, 5-Year warranty, Brightness 250 cd/m², Contrast Ratio 3000:1, HDMI & VGA, Tilt-adjustment",6899,18129,4.2,805,1920 x 1080,22.0,Dell,60 Hz,Monitor,SE2222H
"Dell Tft 27 Inch P2722He Ips/Full Hd/Usb Port/Hdmi/Display Port/Ethernet Port/Srgb 99%, Black",23111,50000,4.0,17,1920 x 1080,27.0,Dell,60 Hz,Monitor,DELL-P2722HE
"Dell U4320Q UltraSharp 43-Inch 4K USB-C Monitor, with 3-Year ON -SITE Warranty",110000,149500,4.4,190,3840 x 2160,43.0,Dell,60 Hz,Monitor,U4320Q
Dell Ultrasharp 27 Inches 4K USB-C Hub LED Monitor - U2723Qe,47199,78990,4.3,546,3840 x 2160,27.0,Dell,60 Hz,Monitor,U2723QE
"Dell Ultrasharp 32 4K Usb-C Hub Monitor - U3223Qe, LCD, 31.5 In",68500,89999,4.5,186,3840 x 2160,31.5,Dell,60 Hz,Monitor,DELL-U3223QE
Dell UltraSharp U2520D 25 Inch QHD (2560 x 1440) Pixels LED Backlit LCD IPS USB-C Monitor,34900,69999,4.5,84,2560 x 1440,25.0,Dell,60 Hz,Monitor,ASIMonitor32
"Dell UltraSharp U3423WE 34.1"" WQHD Curved Screen WLED LCD Monitor - 21:9",79900,105999,4.2,10,2560 x 1440,34.1,Dell,60 Hz,Monitor,U3423WE
Dell UP3216Q UltraSharp Widescreen Monitor,28990,48000,1.0,1,None,31.5,Dell,60 Hz,Monitor,210-AGUO-cr
"Dell-E2223Hn(54.61 Cm) Fhd Monitor 1920 X 1080 at 60Hz,Va Panel,Brightness 250 Cd/M²,16.7M Colours,Colour Gamut 72%(CIE 1931) 83%(CIE 1976) Anti-Glare,Wide Viewing Angle,3 Year Warranty,Black",6910,25499,5.0,10,1920 x 1080,22.0,Dell,60 Hz,Monitor,DELL-E2223HN
"Dell-E2422HS (60.96 cm) FHD Monitor 1920 x 1080 at 60Hz, IPS Panel, Built-in Dual Speaker, Brightness 250 cd/m², Colour 16.7m, Contrast 1000:1, Response Time 5ms (G-to-G)Fast, 3 Year Warranty.",12156,31599,4.2,264,1920 x 1080,24.0,Dell,60 Hz,Monitor,DELL-E2422HS
"Dell-E2423HN (60.45cm) FHD Monitor 1920x1080@60 Hz, VA Panel, Brightness 250 cd/m², Anti-Glare, Colour Gamut 72% (CIE 1931), 83% (CIE 1976), Response Time, 5ms (G-to G Fast), 3 Year Warranty., Black",7700,20000,3.5,9,1920 x 1080,23.8,Dell,60 Hz,Monitor,E2423HN
"Dell-P2423, 24"" (60.96 cm) 1920X1200@60 Hz, IPS-Panel, Aspect Ratio 16:10, Response Time 5 ms (Fast), 99% sRGB, HDMI, Display Port 1.2, DVI, VGA, USB 3.2 Gen 1 Upstream, 4xUSB 3.2 Gen 1 Downtream",15070,41999,4.7,36,1920 x 480,24.0,Dell,60 Hz,Monitor,P2423
"Dell-P2423D, 23.8"" (60.45 cm), QHD 2560x1440@60 Hz, IPS-Panel, Aspect Ratio-16:9, Response Time: 5 ms (Fast), HDMI, DisplayPort 1.2 (HDCP 1.4), USB 3.2 Gen 1 Upstream, 4 x USB 3.2 Gen 1 Downstream",18990,58079,4.2,21,2560 x 1440,24.0,Dell,60 Hz,Monitor,P2423D
"Dell-P2424HT, 24"" (60.96 cm), 1920 x 1080@60 Hz, IPS-Panel, Aspect Ratio 16:9, Response Time 5 ms (fast), HDMI, 1 x DP Port, 1 x USB-C, 2 x USB 3.2, 1 x USB-C 3.2, 1 x USB 3.2, LAN (RJ-45), Audio-out.",35500,59860,5.0,2,1920 x 1080,60.0,Dell,60 Hz,Monitor,DELL-P2424HT
"Dell-S2522HG (62.23 cm) FHD Gaming Monitor 1920 x 1080 at 240Hz, IPS Panel,Built-in Devices USB 3.2 Gen 1 hub, Brightness 400 cd/m², 99% sRGB, 16.7M Colors, Comfortview Technology, 3 Year Warranty",27799,32104,4.5,691,1920 x 1080,24.5,Dell,240 Hz,Gaming Monitor,S2522HG
"Dell-S2722QCm, 27""(68.58 cm) 4K 3840x2160 at 60Hz, IPS- Panel, Built-in Devices USB-C Hub, Built-in Dual Speakers (3w), Brightness 350 cd/m², ColourSupport 16.07m, ResponseTime, 4 ms (G-To-GG Extream)",30010,46624,1.0,1,3840 x 2160,27.0,Dell,60 Hz,Monitor,S2722QCm
"Dell-S3422DWG (86.36 cm) WQHD Monitor 3440 x 1440 @144Hz(DP) & 100Hz(HDMI), Brightness 400 cd/m², 99% sRGB, 90% DCI-P3, Arsenic-Free Glass, HDR 400 Compatible, Height & Tilt Adjustment,3 Year Warranty",57500,78990,4.5,915,3440 x 1440,34.0,Dell,100 Hz,Monitor,S3422DWG
"Desview R6 Camera Field Monitor,5.5 Inch 2800Nits Ultra High Brightness Touch Screen 1920X1080 Ips With Hdr 3D Lut Waveform Vectorscope Peaking Focus 4K Hdmi 8V Dc Input Output For Dslr Camera,Black",34208,46208,4.1,57,1920 x 1080,5.5,Desview,60 Hz,Touch Monitor,R6
"DIGISHUO 7"" 800x480 Capacitive Touch Screen Display HDMI LCD Module for Raspberry Pi 4B 3B+/2B+",14960,16455,4.0,1,1280 x 720,7.0,DIGISHUO,60 Hz,Touch Monitor,7 inch Capacitive Screen 800
"Dpofirs 5 Inch Computer Temp Monitor, Usb Mini Screen Aida64 Pc Cpu Ram Hdd Data Monitor Computer Temperature Display Type C Sub Screen Support For Raspberry Pi, For Linux, For Windows, LCD",11769,23499,1.0,5,1280 x 720,5.0,Dpofirs,60 Hz,Monitor,Dpofirsv9f63oimsn8319
"Dyanora 22 inch Full HD LED Anti-Glare IPS Panel with Ultra Slim Bezel-Less Design, Free Sync and 2 X 3W Inbuilt Speakers (DY-MN22F0N) (Adaptive Sync, Response Time: 5 ms, 75 Hz Refresh Rate)",5699,12999,3.9,10,1920 x 1080,22.0,Dyanora,75 Hz,Monitor,DY-MN22F0N
"Elista 17.1 Inch (43.4 cm) Square,1280 X 1024 Pixels, Led Monitor with Hdmi and Vga Port Dual Input, Slim Bezel, Stand and Wall Mountable",2813,6499,2.8,39,1280 x 1024,17.1,Elista,60 Hz,Monitor,ELS-VS18HD
"Enter 15.4 Inch Full Hd LCD Monitor (E-Mo-A05) (Response Time: 3 Ms), Black",2600,4999,4.4,2,1920 x 1080,15.4,Generic,60 Hz,Monitor,None
"Enter 15.4 Inch Full Hd Monitor (E-M16Ha Hdmi & Vga Led), Black",2550,6999,3.4,524,1920 x 1080,15.4,Enter,60 Hz,Monitor,E-M16HA(HDMI & VGA)
"Enter 22 inch HD LCD Monitor (E-MO-A03) (Response Time: 5 ms), Black",4050,19999,3.3,5,1366 x 768,22.0,Enter,60 Hz,Monitor,A03
"FINGERS The Big Picture LED Monitor [23.8 (60.47 cm) FHD (1920x1080 px) Ultra-Slim & Frameless 16.7 m Colours Wall Mountable VGA, HDMI & Audio Out Ports - (Satin-2400, Black)",9493,10500,4.4,4,1920 x 1200,24.0,FINGERS,75 Hz,Monitor,Satin-2400
"FLYTOCCA Portable Monitor for Laptop, 360° Rotatable Monitor for Laptop, 14” Full HD IPS Display, Dual Triple Monitor Screen Extender, HDMI/USB-A/Type-C Plug and Play No Driver",76205,101205,4.4,12,1920 x 1080,14.0,FLYTOCCA,60 Hz,Portable Monitor,None
"Foxin FM 1950 Glaze 19 inch LED Full HD Resolution - HDMI + VGA Port, True Pixel & Eco Friendly BIS Approved LED Computer Monitor with Wall mounting Option | 365 Days Warranty",4450,9499,2.8,15,1920 x 1080,19.0,Foxin,60 Hz,Monitor,None
"FRONTECH 20 Inch HD LED Monitor | Refresh Rate 60 Hz, 1600 x 900 Pixels | Wall Mountable Slim & Stylish Design with 16.7M Colors | HDMI & VGA Ports, Built-in Power Supply (MON-0054,Black)",3154,8000,3.4,1244,1600 x 900,20.0,FRONTECH,60 Hz,Monitor,20 inch
"FRONTECH 20 Inch Ultima Series Gaming LED Monitor | Refresh Rate 75 Hz, Full HD 1080p | Wall Mountable Slim & Stylish Design with 16.7M Colors| Supports HDMI & has VGA Ports (MON-0063,Black)",4399,8500,3.4,311,1920 x 1080,20.0,FRONTECH,75 Hz,Gaming Monitor,MON-0063
GEONIX PC Monitor (49.53 cm/19.5 Inch) | Display Output-VGA & HDMI | LED Display | Resolution 1600 x 900 | Power Consumption 21W(Max) | 3 Years Warranty,2899,9999,3.3,95,1920 x 1080,19.5,GEONIX,75 Hz,Monitor,GXTF-WVHDF195
"Geo-nixPC Monitor,Full HD 1920 x 1080 Pixels,Display Output VGA & HDMI,with LED Back Light Technology (24 inch)",4399,10999,1.0,1,1920 x 1080,24.0,Generic,60 Hz,Monitor,1
"GIGABYTE G24F 2 23.8 Inch (60.452 Cm), 165Hz (180Hz Oc) Gaming Led Monitor with 1920 X 1080 Pixels SS IPS Display, 1Ms (Mprt) Response Time, 95% DCI-P3/125% sRGB, HDR Ready, Freesync Premium (Black)",11900,38000,4.3,127,1920 x 1080,23.8,GIGABYTE,165 Hz,Gaming Monitor,9DG24F2-00-1ABIN
"GIGABYTE G27F 2 cm 68.58 cm (27"") 165Hz (170Hz OC) 1080P Gaming Monitor, 1920 x 1080 SS IPS Display, 1ms (MPRT) Response Time, 90% DCI-P3 /130% sRGB, FreeSync Premium, Black",16400,48000,4.5,14,1920 x 1080,27.0,GIGABYTE,165 Hz,Gaming Monitor,9DG27F2-00-1ABIN
"GIGABYTE G27Fc 27 Inch (68.58 Cm) 165Hz Curved Gaming LCD Monitor, 1920 X 1080 Pixels Va 1500R Display, 1Ms (Mprt) Response Time, 90% Dci-P3, Freesync Premium, G-Sync Compatible Ready, Black",17100,46000,4.4,34,1920 x 1080,27.0,GIGABYTE,165 Hz,Gaming Monitor,G27FC
"GIGABYTE G27Q 68.58 cm (27"") 144Hz 1440P Gaming Monitor, 2560 x 1440 Pixels IPS Display, 1ms (MPRT) Response Time, 92% DCI-P3, VESA Display HDR400, FreeSync Premium, Black",22120,39000,4.2,223,2560 x 1440,27.0,GIGABYTE,144 Hz,Gaming Monitor,G27Q
"GIGABYTE G27Qc A Gaming LED Monitor, 27"" Curved, 165Hz, Qhd, 88% Dci-P3 / 132% Srgb,HDR Ready, Black",23480,39999,4.5,16,2560 x 1440,11.0,GIGABYTE,165 Hz,Gaming Monitor,G27QC A
"GIGABYTE G32QC 81.28 cm (32"") 165Hz 1440P Curved Gaming Monitor, 2560 x 1440 VA 1500R Display, 1ms (MPRT) Response Time, 94% DCI-P3, VESA Display HDR400, FreeSync Premium Pro, G-Sync Compatible Ready",31999,35999,4.1,42,2560 x 1440,32.0,GIGABYTE,165 Hz,Gaming Monitor,G32QC
"GIGABYTE M32UC, 31.5 Inch (71.12 Cm) LCD Gaming Monitor, SS VA 1500R, 144Hz/OC 160Hz, 4K 3840 X 2160 (UHD), Freesync Premium Pro with KVM Feature, 1ms MPRT Response Time, Black",61990,134500,1.0,1,3840 x 2160,31.5,GIGABYTE,144 Hz,Gaming Monitor,20VM0-M32UCBA-1INR
"HP M24fw FHD Monitor, 23.8 inch(60.5 cm) 1920 x1080 Pixels, 3-Sided Micro-Edge, Anti-Glare, IPS Panel, Eye Safe Certified, HDMI Ports Display,2E2Y5AA (Black)",10749,14700,1.0,1,1920 x 1080,23.8,HP,60 Hz,Monitor,M24fw FHD Monitor
"HP M27f 27-inches 68.6cm 1920 x 1080 Pixels Eye-Safe Certified Full HD IPS 3-Sided Micro-Edge Monitor, 75Hz, AMD Free Sync with 1xVGA, 2xHDMI 1.4 Ports, 300 nits 2H0N1AA, M27f FHD Monitor Silver",12999,19180,4.3,3521,1920 x 1080,27.0,HP,75 Hz,Monitor,HP M27f FHD Monitor
"HP M27fwa 27-Inch(68.6cm) Eye Safe Certified 1920 x 1080 Pixels Full HD IPS 3-Sided Micro-Edge LED Monitor, 75Hz, AMD FreeSync with 1xVGA, 2xHDMI 1.4 Ports, 300 nits, in-Built Speakers, Silver",16350,19320,3.9,357,1920 x 1080,27.0,HP,75 Hz,Monitor,HP 27fwa
"HP OMEN Gaming Monitor, 23.8 inch(60.5 cm) FHD, 165Hz, 3-Sided Borderless, 300 nits, Pivot Rotation, Anti-Glare, Height Adjustable, Eye Ease (Eyesafe® Certified), 780F0AA (Black)",16799,22400,4.6,17,1920 x 1080,24.0,HP,165 Hz,Gaming Monitor,OMEN 24
"HP P22h G5 21.5-inch (54.6 cm) FHD, Flicker Free,Anti-Glare, IPS 3-Sided Micro-Edge Monitor, On-Screen Controls; Low Blue Light Mode; Dual Speakers (2W per Channel) (Black)",12699,24999,5.0,2,1920 x 1080,21.5,HP,75 Hz,Monitor,P22h G5
"HP P27 G5 21.5-inch (54.6 cm) Anti-Glare, Full HD IPS 3-Sided Micro-Edge Monitor, On-Screen Controls; Low Blue Light Mode; 1 VGA; 1 HDMI 1.4; 1 DisplayPort",17450,19951,3.7,6,1920 x 1080,27.0,HP,75 Hz,Monitor,P27 G5
"HP V22v 21.5"" (54.6cm) LED 1921 x 1080 Pixels FHD Screen with 178 Degree Viewing Angles, 60Hz, Flicker Free, HDMI 1.4; VGA, 250 nits(450M4A6), V22v FHD Monitor, Black",7299,9240,4.9,15,2560 x 1080,21.5,HP,60 Hz,Monitor,HP V22v FHD Monitor
"HP X24c 23.6-inch Curved FHD Gaming Monitor - 144 Hz Refresh Rate, 1 HDMI 2.0, 1 DisplayPort, Vesa Mount, Adaptive Sync (13Q95AA)",15850,22681,4.7,35,1920 x 1080,23.6,HP,144 Hz,Gaming Monitor,13Q95AA
"HyperX Armada 27""/ 68.6CM 2560 x 1440 Pixels IPS QHD Gaming Monitor (64V70AA#ACJ), Black",46290,60177,4.0,1,2560 x 1440,27.0,HyperX,165 Hz,Gaming Monitor,64V70AA#ACJ
ISOON 10.26'' carplay,31815,44815,3.5,2,None,10.3,ISOON,60 Hz,Touch Monitor,None
"iVOOMi Monitor 15 Inch(38.1 cm, Square) IV-L1902VG LED 1024 x 768 Pixel (HD), Black",3099,7999,3.0,2,1280 x 1024,15.0,iVOOMi,60 Hz,Monitor,IV-1902VG
"iVOOMi Monitor 17 Inch IV-L1901HDM LED 1280 x 1024 Pixel (HD), Black",2119,4000,3.0,18,1280 x 1024,17.0,iVOOMi,60 Hz,Monitor,IV-1901HDM
"iVOOMi Monitor 20 Inch IV-L1901VHD LED 1600 x 900 Pixel (HD), Black",3100,11999,3.3,9,1600 x 900,20.0,iVOOMi,60 Hz,Monitor,IV-L1901VHD
"iVOOMi Monitor 22 Inch IV-L19O1HDE LED 1680 x 1050 Pixel (HD), Black",3490,13999,3.3,3,1920 x 1080,22.0,iVOOMi,60 Hz,Monitor,IV-L19O1HDE
"iVOOMi Monitor 24 Inch IV-L1901HDF LED 1920 x 1080 Pixel, Black",4480,12999,2.1,3,1920 x 1080,24.0,iVOOMi,60 Hz,Monitor,IV-L1901HDF
"JJTechGiant [Ofiyaa] P1 Single Portable Monitor For Laptop|12"" Display|1080P Fhd Ips Usb-A/Type-C/Hdmi|4 Speakers Monitor For Switch/Ps5|Compatible With 13''-16'' Mac Pc/Laptop(P1-Us01-001),Black",21016,29133,4.2,97,1920 x 1080,12.0,JJTechGiant,60 Hz,Portable Monitor,None
LAPCARE 15.4-inch (39.1-cm) Slim 720p HD LED Backlit Computer Monitor (VGA + HDMI) - (Black) (LM154H),2999,6249,3.4,218,1920 x 1080,15.4,Lapcare,60 Hz,Monitor,LM154H
"LAPCARE Led Monitor Lm154-15.1''(38.36Cm) - Vga & Hdmi, Black",2469,5549,1.0,1,1024 x 768,15.1,Lapcare,60 Hz,Monitor,LM154
"LAPCARE LM195WDH 19 Inch(48.26CM) LED Display 16:10 1440x900 Pixel Ratio,Tilt Stand,Vesa Mount,HDMI + VGA Port (Black)",2799,7499,3.3,23,1440 x 900,19.0,Lapcare,60 Hz,Monitor,LM195WDH
"Laptop Screen Extender - 360° Rotatable 14.1” Attachable Portable Monitor for Laptop FHD TFT USB Laptop Dual Screen, Plug and Play for Mac, PC, & Chrome, Fit 13-17“ Laptop",28877,35877,3.9,358,1920 x 1080,14.1,farfi,60 Hz,Portable Monitor,Laptop Screen Extender
"Laptop Screen Extender, KEFEYA Portable Monitor for Laptop 12"" Full HD IPS Display, Compatible with 13-16"" iOS, Windows Laptops",23654,31910,4.5,439,1920 x 1080,12.0,KEFEYA,60 Hz,Portable Monitor,P1
"Lenovo - D19-10, 18.5 Inch (46.99 Cm) 1366 X 768 Pixels Led Hd Monitor, Tn Panel, (5Ms Response Time - 200 Nits Brightness Hdmi and Vga Port - Hdmi Cable Included - 72% Color Gamut) (Raven Black)",5200,7290,3.9,404,1366 x 768,18.5,Lenovo,60 Hz,Monitor,D19-10
"Lenovo - D32Q-20 D-Series 31.5 Inch (80Cm) 2K Qhd2560 X 1440 Pixels, Ips Monitor | 1.07 Billion Colors, 75Hz, 4Ms, Amd Freesync, Hdmi, Dp, Tilt, Vesa Wall Mount, Tuv Certified Eye Comfort, Raven Black",22990,29290,4.2,166,2560 x 1440,31.5,Lenovo,75 Hz,Monitor,D32q-20
"Lenovo C19-10 18.5” (46.99 cms) HD (1366 x 768) 200 Nits WLED Backlit Monitor, TN Panel, VGA and HDMI Ports, VESA Mount, 72% Color Gamut, TÜV Low Blue Light Certified, (66A0KAC6IN)- Black",5257,12800,5.0,1,1366 x 768,18.5,Lenovo,60 Hz,Monitor,Lenovo C19-10-cr
"Lenovo Gaming G-Series - G24-20, 23.8 Inch (60.452 Cm) 1920 x 1080 Pixels Fhd IPS Monitor LCD | 165Hz, 0.5Ms, 99% Srgb, 350 Nits, AMD Freesync Premium, Hdmi 2.0, Dp, Height Adjust Stand (Raven Black)",12599,24290,4.4,267,1920 x 1080,23.8,Lenovo,165 Hz,Gaming Monitor,G24-20
"Lenovo Gaming G-Series 27 inch (68.58cm) 2K QHD VA Monitor, 2560 x 1440 Pixels 165Hz, 1ms, WLED, AMD Radeon FreeSync Compatible,HDMI, DP, Height Adjust Tilt Stand with Natural Low Blue Light, G27q-30",18438,30190,4.6,17,2560 x 1440,27.0,Lenovo,165 Hz,Gaming Monitor,66E8GAC2IN
"Lenovo LED ThinkVision 1920 x 1080 Pixels S22e-20 21.5"" 54.61cms FHD VA 250 Nits Monitor, VGA and HDMI Ports, 75Hz Refresh Rate, AMD Free Sync, (62C6KAR1WW)-Raven Black",7499,21900,4.1,7,1920 x 1080,21.5,Lenovo,75 Hz,Monitor,ThinkVision S22e-20
"Lenovo Legion Y-Series 27 inch (68.58cm) FHD IPS Monitor | 180Hz, 0.5ms, AMD FreeSync Premium, Adaptive sync, 400 Nits, USB Hub, Tilt Swivel Pivot Height Adjust Stand, TUV Eyesafe Certified - Y27-30",20999,23690,3.9,12,1920 x 1080,27.0,Lenovo,165 Hz,Monitor,66F8GAC3IN
"Lenovo Legion-R25f-30 | 25 Inch (63.50cm) FHD 240Hz Gaming Monitor | 0.5ms, AMD FreeSync, 99% sRGB, 90% DCI-P3, Speaker, 2xHDMI 2.1,1xDP| Tilt, Swivel, Pivot, Height Adjust Stand | Black | 67B8GACBIN",16199,20290,5.0,2,1920 x 1080,24.5,Lenovo,240 Hz,Gaming Monitor,R25f-30
"Lenovo L-Series 55.88 cm (22 inch) 1920 X 1080 Pixels FHD IPS Ultraslim Monitor |16.7 Mn Colors, 99% sRGB, 75Hz, 4ms, AMD FreeSync, HDMI, TUV Eye Comfort & Low Blue Light, Tilt Stand, Black, L22-i30",7299,16590,4.4,483,1920 x 1080,21.5,Lenovo,75 Hz,Monitor,L22i-30
"Lenovo L-Series 60.45cm (24 inch) FHD IPS Ultraslim Monitor | 100Hz, 99% sRGB, AMD FreeSync, HDMI, Tilt Stand, 2x3W Speakers, Smart Display Customization Artery, Home & Office Use, Cloud Grey, L24i-40",8999,12790,4.4,564,1920 x 1080,24.0,Lenovo,100 Hz,Monitor,67A8KAC3IN
"Lenovo L-Series 71.1Cm (28"") 3840X2160 Pixels IPS 4K Uhd Monitor | 1.07 Billion Colors, 300 Nits, 90% Dci-P3, 2X2W Speakers, AMD Freesync, Hdmi, 360° Revolving and 90° Rotating Screen(L28U-35, Black)",26949,33690,4.2,104,3840 x 2160,28.0,Lenovo,60 Hz,Monitor,66ECGAC4IN
"Lenovo Q-Series 23.8 Inch (60.5Cm) Fhd Ips Monitor | 2X3W Speakers, 75Hz, Amd Freesync, Hd, Black",10900,20890,4.4,11,1920 x 1080,23.8,Lenovo,75 Hz,Monitor,66EEGAC3IN-cr
"Lenovo Q-Series 24 Inch (60.5Cm) 1920x1080 Pixels FHD IPS Monitor | Height Adjustment, 2X3W Speakers, 75Hz, AMD FreeSync, HDMI, DP, Smart Display Customization, Raven Black",11499,20490,4.4,2235,1920 x 1080,23.8,Lenovo,75 Hz,Monitor,66EEGAC3IN
"Lenovo ThinkVision E22-20 21.5” (54.61cms) FHD IPS (1920x1080) Monitor, Integrated Speakers, HDMI, DP, VGA Ports, 60 Hz Refresh Rate, Tilt, Pivot, Height Adjust Stand (62A4MAR4WW)- Raven Black",9450,12999,5.0,4,1920 x 1080,21.5,Lenovo,60 Hz,Monitor,ThinkVision E22-20
"Lenovo ThinkVision P32u-10 32"" (81.28cms) 4K UHD IPS (3840x2160) Pixels 300 nits Monitor with 2mm Side Bezel, Color Gamut-100% sRGB, 60Hz Refresh Rate, Height/Tilt Adjustable Stand, (61C1RAR2WW) Black",59990,110000,3.0,1,3840 x 2160,32.0,Lenovo,60 Hz,Monitor,61C1RAR2WW
"Lenovo Thinkvision S24E-20 23.8-Inch Fhd LED Monitor,16:9 Aspect Ratio, 60Hz, 3000:1 Contrast, Hdmi Vga Inputs, Eye Comfort (Raven Black) 62Aekar2Ww",8499,20020,3.4,30,1920 x 1080,23.8,Lenovo,60 Hz,Monitor,62AEKAR2WW
"Lenovo ThinkVision S27e-20 27 Inches (68.58cms) FHD IPS (1920x1080) Pixels Monitor, HDMI, VGA, 60Hz Refresh Rate, Tilt Stand (62AFKAR2WW)- Raven Black",12999,21000,2.7,3,1920 x 1080,27.0,Lenovo,60 Hz,Monitor,ThinkVision S27e-20
"Lenovo ThinkVision T22i-20 21.5” (54.61 cms) FHD IPS (1920x1080) Monitor, USB, HDMI, DP, VGA, 60Hz Refresh Rate, Tilt, Pivot, Swivel, Height Adjust Stand (61FEMAR6WW)-Raven Black",15989,49999,3.9,12,1920 x 1080,21.5,Lenovo,60 Hz,Monitor,61FEMAR6WW
"Lenovo ThinkVision T24m-20 23.8” (60.45cms) FHD IPS (1920x1080) Monitor, HDMI, DP and USB, 60Hz Refresh Rate, Tilt, Swivel, Pivot, Height Adjust Stand, (62CDGAR6WW)- Raven Black",18799,32000,1.0,1,1920 x 1080,23.8,Lenovo,60 Hz,Monitor,ThinkVision T24m-20
"Lenovo ThinkVision T24v-20 23.8"" VoIP Monitor, IPS Panel, HDMI DP VGA Inputs, TUV Certified Eye Comfort, Built in Speaker & Camera - (Raven Black) 61FCMAR6WW",18990,25999,2.9,11,1920 x 1080,23.8,Lenovo,60 Hz,Monitor,61FCMAR6WW
"LG - 19M38Hb, 19 Inch (47 Cm) 1366 X 768 Pixels Hd Ready Office Monitor, Tn Panel with Vga, Hdmi Ports (Black)",6399,9999,3.9,587,1366 x 768,18.5,LG,60 Hz,Monitor,19M38H
"LG - 20M39H, 19.5 Inch (49.53 Cm) Hd, 1366 X 768 Pixels Tn Panel LCD Monitor with Hdmi & Vga Port, Wall Mount, 3 Year Warranty (Black)",5600,9900,4.0,2819,1366 x 768,19.5,LG,60 Hz,Monitor,20M39H
"LG - 27Mk600, 27 Inch (68.58 Cm) 1920 X 1080 Pixels, Borderless Full Hd Color Calibrated IPS Monitor (White)",12400,20000,4.2,97,1920 x 1080,23.6,LG,75 Hz,Gaming Monitor,27MK600
"LG 19M38Ab 19-Inch (47 Cm) Led 1366 X 768 Pixels Hd Ready Monitor, Tn Panel With Vga Port (Black)",6490,9999,3.9,601,1366 x 768,19.0,LG,60 Hz,Monitor,19M38AB-B
"LG 24 Inch (60.4cm) IPS FHD Monitor 1920 x 1080,AMD FreeSync, 100Hz, sRGB 99% Typ(CIE1931), Black Stabilizer, Virtual Borderless, Flicker Safe, Reader Mode,OnScreen Control, HDMI,VGA, 24MR400(Black)",7999,16500,4.4,9028,1920 x 1080,24.0,LG,100 Hz,Gaming Monitor,24MR400-B.ATRQ
"LG 24GN60R Ultragear™ Full HD IPS Panel (1920 x 1080) with 1ms (GtG) Gaming Monitor with 144Hz Refresh Rate, HDR 10, Compatible with AMD FreeSync™ Premium, Black Stabilizer, Stylish Design, Black",11499,18000,5.0,1,1920 x 1080,24.0,LG,144 Hz,Gaming Monitor,24GN60R-B.ATR
"LG 24-inch (60cm), Full HD (1920x1080 Pixels) Slim IPS Panel Monitor, HDMI x 2, VGA Port, 75 Hz Refresh Rate, AMD Freesync, 3 Side Borderless Slim Design - 24MK600M-W, White",9999,14000,4.1,38,1920 x 1080,23.8,LG,60 Hz,Gaming Monitor,24MK600M-W
"LG 27 Inch Qhd IPS Monitor (2560 X 1440) for Immersive Visuals: Srgb 99% (Typ.) with Hdr10, Anti-Glare, USB-C (60W Pd), Speakers (5W X 2), Pivot, Height, Tilt, Hdmi X 2, Dp, Hp Out, 27Qn850 (Black",28000,39954,4.6,8,2560 x 1440,27.0,LG,75 Hz,Monitor,27QN850-B.ATR
"LG 27 inch(68.4cm) Ultrafine Ergo 4K-UHD(3840 x 2160) Pixels IPS, HDR 400, sRGB 99%, HW Calibration, Speaker (5Wx2), Height/Swivel/Pivot/Extend/Retract, USB - C, HDMI x 2, DP- 27UN880 (White)",38201,53500,4.4,101,3840 x 2160,27.0,LG,60 Hz,Monitor,27UN880
"LG 27"" Ultragear™ OLED Gaming Monitor QHD (2560 x 1440) @240Hz & 0.03ms, DCI-P3 98.5%, Anti-Glare, G-SYNC Compatible, FreeSync Premium, Height/Swivel/Pivot Stand, HDMI, DP, Speakers, HP Out 27GR95QE",95900,125000,4.6,3,2560 x 1440,27.0,LG,240 Hz,Gaming Monitor,27GR95QE-B.ATR
"LG 27MD5KL-B 27 Inch (68.5cm) Ultrafine 5K (5120 x 2880) Pixels IPS Display with macOS Compatibility, DCI-P3 99% Color Gamut and Thunderbolt 3 Port, Black",84990,96000,4.4,341,800 x 480,27.0,LG,60 Hz,Monitor,27MD5KL-B
"LG 27UP650-W 27 Inche (68.4 Cm) 27 (68.4cm) UHD (3840 x 2160 Pixels) 4K IPS Display, VESA DisplayHDR 400, Immersive Gaming Experience, AMD FreeSync, Ergonomic Design (Silver)",26099,39500,4.3,3926,3840 x 2160,27.0,LG,60 Hz,Gaming Monitor,27UP650-W.ATR
"LG 27Up850-W Monitor 27 Inch Uhd (3840 X 2160) Ips Display, Vesa Displayhdr 400, Dci-P3 95% Color Gamut, Usb-C,3-Side Virtually Borderless Display, Height/Pivot/Tilt Adjustable Stand - Silver",36990,42000,4.2,257,3840 x 2160,27.0,LG,60 Hz,Monitor,27UP850-W
"LG 32"" (80 CM) Ultragear QHD Monitor (2560 X 1440 Pixels), 165 Hz, 1Ms, Nvidia G-Sync Compatible, Freesync Premium, HDR 10, Hdmi, Tilt, Height, Pivot Stand, VA Panel Gaming LCD Monitor, 32GN650 Black",23499,49500,4.4,3971,2560 x 1440,32.0,LG,165 Hz,Gaming Monitor,32GN650-B.ATR
"LG 32"" Ultragear™ IPS UHD (2560 X 1440) Gaming Monitor, Incredible Speed @1ms (GtG), 165Hz, NVIDIA G-Sync™ and AMD FreeSync Premium, Height/Pivot/Tilt Adjustment, HDMI, DP, HP Out, 32GP750 (Black)",33029,47000,4.1,52,2560 x 1440,32.0,LG,165 Hz,Gaming Monitor,32GP750-B.ATR
"LG 32Up550-W 32 Inch Uhd (3840 X 2160) Va Display With Amd Freesync, Dci-P3 90% Color Gamut With Hdr 10 Compatibility And Usb Type-C Connectivity Silver/White, LCD",38990,78990,3.9,78,3840 x 2160,32.0,LG,60 Hz,Monitor,32UP550-W
"LG 34"" Curved Ultrawide Wqhd LED Monitor (3440 X 1440 Pixel) HDR 10, Color Calibrated Srgb 99%, Inbuilt Maxxaudio Speaker (7W X 2), Height Tilt Adjust Stand, Display Port, Audio Out - 35Wn75C",49000,69000,4.1,113,3440 x 1440,35.0,LG,100 Hz,Monitor,35WN75C-B
"LG 34"" UltraWide™ Curved Monitor WQHD(3440 x 1440) Immersive visuals: HDR 10, Color Calibrated, sRGB 99%, Anti Glare, Speaker(7W x 2), Height Adjustment, HDMI, DP,USB-C (90W PD), HP Out, 35WN75CN",52990,58990,4.2,25,3440 x 1440,35.0,LG,100 Hz,Monitor,35WN75CN-B.ATR
"LG 34Wq75C-B 34"" Curved Ultrawide Qhd Ips Hdr 10 Built-In-Kvm-Monitor With Usb Type-C & Lan (Rj-45), Black",48050,69999,3.5,25,?3440 x 1440,34.0,LG,60 Hz,Monitor,34WQ75C-B.AUS
"LG 43"" Ultrafine™ Smart Monitor UHD 4K IPS (3840 * 2160), HDR 10, Wireless Connectivity, webOS, AirPlay 2, USB Type-C (65W PD), Speakers 10WX2, Magic Remote, HDMIx2, DP, HP Out, 43SQ700 (White)",33730,67000,3.5,67,3840 x 2160,43.0,LG,60 Hz,Monitor,43SQ700S-W.ATR
"LG 80 cm (31.5 Inches) UHD 4K (3840x2160) Pixels IPS Display Monitor - HDR 10 for Designing, AMD Free sync, DCI-P3 95%, Speaker (5W x 2 | 2.0ch), Flicker Safe, HDMI, DisplayPort - 32UN650-W, Silver",30599,52500,4.3,123,3840 x 2160,32.0,LG,60 Hz,Monitor,32UN650-W
"LG Electronics - 27Bl650C-B.ATR 27 Inch (69 Cm) 1920 X 1080 Pixels USB-C, Taa Certified, LCD, Full Hd IPS Color Calibrated (Srgb 99%), Swivel/Tilt/Height Adjust, Hdmi & Dp, Inbuilt Speaker (Black)",28990,45000,3.9,11,1920 x 1080,28.0,LG,75 Hz,Gaming Monitor,27BL650C-B.ATR
"LG Electronics 24 inch (60 cm) QHD (2K) 2560 x 1440 Pixels, IPS-sRGB 99%, Height Adjust, Pivot (2Way), Swivel, Display Port, HDMIx 2, 3 Side Slim Border, Black Color - 24QP550",15149,25000,4.6,317,2560 x 1440,23.8,LG,75 Hz,Monitor,24QP550-B.ATR
"LG Electronics 24 Inch (60.9Cm) Full Hd Monitor with IPS Panel(1920X1080 Pixel),1Ms,75Hz,AMD Free-Sync with Gaming Mode,3-Side Borderless Design,Vga,Hdmi,Display Port,Tilt Stand - 24Mp60G (Black)",8199,17000,4.4,204,1920 x 1080,24.0,LG,75 Hz,Gaming Monitor,24MP60G-B.ATR
"LG Electronics 24Mp400 24 Inches (60 Cm) LCD 1920 X 1080 Pixels IPS Monitor - Full Hd, with Vga, Hdmi, Audio Out Ports, AMD Freesync, 75 Hz (Black)",10490,17500,4.1,409,1920 x 1080,24.0,LG,75 Hz,Gaming Monitor,24MP400-B.BTR
"LG Electronics 27 Inch (68Cm) Full Hd Monitor with IPS Panel (1920 X 1080 Pixels),1Ms,75Hz,AMD Freesync with Gaming Mode,3-Side Borderless Design,Vga,Hdmi,Display Port,Tilt Stand,27Mp60G - Black",11299,16000,4.3,60,1920 x 1080,28.0,LG,75 Hz,Gaming Monitor,27MP60G-B.ATR
"LG Electronics 31.5""(80Cm) Ultrafine Uhd 4K Led Monitor (3840 X 2160 Pixels) Hdr10 Monitor, Dci-P3 90%, Radeon Freesync, Inbuilt Speaker (5W X 2), Hdmi X 2, Display Port - 32Un500 (White)",30480,39999,3.7,34,3840 x 2160,31.5,LG,60 Hz,Monitor,32UN500-W
"LG Electronics 60 cm/24 inches Full HD IPS 1920 x 1080 Pixels LCD Monitor, Inbuilt Speaker, HDMI x 2, VGA Port, 75 Hz Refresh Rate, AMD Freesync, 3 Side Borderless Slim Design - 24ML600S-W (White)",8999,18000,4.4,3420,1920 x 1080,23.8,LG,75 Hz,Monitor,24ML600S-W
"LG Electronics OLED Pro 4K (32 Inches / 80 Cm) 3840 X 2160 Pixels Ultrafine Monitor with Display HDR 400, 10 Bit Color, Hardware Calibration, USB-C with 90W Power Designing Monitor 32Ep950 Black",184000,199500,3.8,3,3840 x 2160,32.0,LG,60 Hz,Monitor,32EP950-B.ATR
"LG Electronics OLED Pro 4K 27 Inches / 68.4 Cm Ultrafine Monitor with Display HDR 400, 3840 X 2160 Pixels Hardware Calibration, USB-C with 90W Power Designing Monitor (27Ep950, Black)",128000,260000,3.6,4,3840 x 2160,27.0,LG,60 Hz,Monitor,27EP950-B.ATR
"LG Electronics Ultragear 68.58 Cm(27 Inch) 4K-Uhd,Nano IPS 144Hz,1Ms G-Sync Compatible Gaming Monitor-with Vesa HDR 600-Display Port,Hdmi,USB Up/Down,Has Stand,RGB Sphere Lighting-27Gn950(Black)",82000,120000,4.6,103,3840 x 2160,27.0,LG,144 Hz,Gaming Monitor,27GN950-B
"LG Electronics Ultragear Gaming Monitor 80 Cm (31.5 Inches),LCD Fhd 1920 X 1080,1Ms,165Hz,Nvidia G-Sync Compatible,AMD Freesync Premium,HDR 10,Srgb 95% (Typ.),Dp,Hdmi,Headphone Out,32Gn50R (Black)",21299,30000,4.0,1,1920 x 1080,31.5,LG,165 Hz,Gaming Monitor,32GN50R-B.ATR
"LG Full Hd - 22Mk400H, 22 Inches (55 Cm) 1920 X 1080 Pixels, LCD Gaming Monitor - 1Ms, 75Hz, Full Hd, AMD Freesync, Va Panel Monitor, Hdmi & Vga Port (Black)",12390,15998,4.1,1960,1920 x 1080,21.5,LG,75 Hz,Gaming Monitor,22MK400H
"LG Full HD IPS Monitor 68.6 Cm (27 Inches), 1920 x 1080 Pixels, AMD Freesync, 75 Hz, Full HD with VGA, HDMI, Audio Out Ports connectivity, 3 Years on site Warranty, 27MP400 (White)",9999,20000,4.0,57,1920 x 1080,68.6,LG,75 Hz,Monitor,27MP400-W.ATR
"LG Full HD IPS Monitor 80 cm (31.5 Inches), 1920 x 1080, 5ms (GtG), 75Hz, AMD FreeSync™, OnScreen Control, Reader Mode, DP, HDMI, D-Sub, Headphone Out, 32MP60G (Black)",13999,26500,4.0,17,1920 x 1080,32.0,LG,75 Hz,Monitor,32MP60G-B.ATR
"LG Libero Monitor 27 Inch QHD with Detachable Full HD Detachable Webcam, Built-in Speakers and USB C connectivity with 65W Power Delivery (27BQ70QC)",38999,57500,5.0,3,2560 x 1440,27.0,LG,75 Hz,Monitor,27BQ70QC-S.ATR
"LG Qhd 2K - 27Qn600, 2560 X 1440 Pixels 27 Inch (68.58 Cm) IPS Display 3 Side Borderless - HDR 10, Srgb 99%, AMD Free Sync - Dual Hdmi, Display Port (Black)",20399,31600,4.3,2638,2560 x 1440,27.0,LG,75 Hz,Monitor,27QN600
"LG Ultrafine 32"" (81.28cm) IPS QHD 2560 x 1440 Pixels Monitor with Ergo Stand | HDR10 | USB Type-C |Color Calibrated | MAXXAUDIO® Speaker | Ergonomic Stand (32QP880N)",44500,48900,4.6,9,2560 x 1440,32.0,LG,75 Hz,Monitor,32QP880N-B.ATR
"LG Ultrafine Display Ergo - 32UN880, 31.5 Inches (80 Cm) LCD 4K-Uhd 3840 X 2160 Pixels HDR 10, DCI-P3 90%, Inbuilt Speaker (5W X 2), Tilt/Height/Swivel/Pivot/Extend/Retract, Display Port (Black)",51700,80000,4.3,184,3840 x 2160,31.5,LG,60 Hz,Monitor,32UN880-B
"LG Ultragear - 27Gn750, 27 Inch (68.8 Cm) 1920 X 1080 Pixels, 240Hz, 1Ms, G-Sync Compatible, HDR 10, IPS Display Gaming Monitor, Height Adjust, Pivot Stand, Display Port, Hdmi Port, White",29999,39999,4.6,1183,1920 x 1080,27.0,LG,240 Hz,Gaming Monitor,27UL650-W
"LG Ultragear - 34Gl750-B, 34 Inch (86.6 Cm) LCD 2560 X 1080 Pixels G-Sync Compatible Curved Ultrawide, 1Ms, 144Hz, HDR 10, IPS Gaming Monitor with Height Adjust Stand, Hdmi X 2, Display Port (Black)",62499,70000,4.0,2111,2560 x 1440,34.0,LG,144 Hz,Gaming Monitor,34GL750-B
"LG Ultragear Gaming 24 Inch (60.3 Cm) Full HD (1920 x 1080) Pixels LCD Monitor 165Hz, 1ms, Freesync Premium, HDMI x 2, Display Port, HP Out, Reader Mode, VA, Flicker Safe - 24GQ50F (Black)",10000,18000,4.3,103,1920 x 1080,24.0,LG,165 Hz,Gaming Monitor,24GQ50F-B.ATR
"LG Ultragear Gaming Monitor(27"") Qhd IPS Display(2560 * 1440),Smooth Gameplay:165Hz & 1Ms,HDR 10,Srgb 99%(Typ.),G-Sync,AMD Freesync Premium,Anti-Glare,Height,Pivot,Hdmi,Dp,Hp Out,27Gr75Q,Black",24150,36000,4.4,314,2560 x 1440,27.0,LG,165 Hz,Gaming Monitor,27GR75Q-B.ATR
"LG Ultragear IPS Gaming Monitor 60 cm (24 Inches), FHD 1920 x 1080, 1ms, 144Hz, AMD FreeSync Compatible, HDR 10, sRGB 99% (Typ.), DP, HDMI, Height, Tilt & Pivot Adjust Stand, 24GN65R (Black)",11999,23000,4.5,365,1920 x 1080,24.0,LG,144 Hz,Gaming Monitor,24GN65R-B
"LG UltraWide 29 inch (73 cm) IPS FHD, 2560x1080 Pixels, Color Calibrated, 100Hz, 7W x 2 Inbuilt Speaker, USB-C, Display Port, HDMI, White Color-29WQ600",18249,26000,4.3,1718,2560 x 1080,29.0,LG,100 Hz,Monitor,29WQ600-W.ATR
"LG Ultrawide 34 Inches (87 cm) WFHD 2560 X 1080 Pixels IPS Display - HDR 10, AMD Freesync, 75Hz Refresh Rate, Srgb 98%, HDMI X 2, Audio Out - Heigh Adjustable Stand - 34WP550 (Black)",25099,41000,4.3,389,2560 x 1080,34.0,LG,75 Hz,Monitor,34WP550-B.ATR
"LILLIPUT FS7 7"" Full HD Camera Monitor (Black)",25290,37000,4.2,35,1920 x 1080,7.0,LILLIPUT,240 Hz,Camera Monitor,FS7
"LIMINK 15.4"" Portable Triple Monitor for 15.6-18.5” Laptops | 2023 S20B 1080P IPS Double Freestanding Narrow-Bezel Laptop Screen Extender | Compatible with MacOS & Windows | Powered by USB-C & HDMI",110936,147936,4.3,51,1920 x 1080,15.4,L LIMINK,60 Hz,Portable Monitor,S20
Mente 19 Inch Desktop Monitor for PC HD Quality and HDMI Input,5499,9999,3.3,8,1600 x 900,19.0,Mente,60 Hz,Monitor,METFT1950WHV
"Millennium Technology 14” FHD Tri-Screen Portable Dual Monitor for 14-17"" Laptop with Single Wire, Compatible with Windows & MAC OS (Compatible with M1 & M2 Chip) Laptop Screen Extender",32499,46999,4.0,1,1920 x 1080,14.0,Millennium Technology,60 Hz,Portable Monitor,None
MILLENNIUM TECHNOLOGY HD Led Dispaly Monitor Led Monitor with VGA HDMI Ports | Wall Mountable | 16.7M Colors 3ms Response Time Slim Design (15.6 - inch),2699,6950,3.0,6,1280 x 800,15.6,MILLENNIUM TECHNOLOGY,60 Hz,Monitor,Led Monitor
miracle digital 15.6'' (39.624 Cm) Portable Ultra Non-Touch Monitor Hi-Def 1920 x 1080 Pixels (2K Full HD) Eye Care IPS Monitor 2-Way Powered 60W USB- C with Smart Metal Stand,14700,25000,3.4,13,1920 x 1080,15.6,miracle digital,60 Hz,Portable Monitor,MD-PS-01
"MSI 27 inch IPS Monitor - Full HD (1920x1080), Less Blue Light, Anti-Flicker, Anti-Glare, Tiltable Display, Display Kit, Built-in Speakers, for Learning & Working at Home - MP271, Black",14490,20000,4.2,263,1920 x 1080,27.0,MSI,75 Hz,Gaming Monitor,MP271
"MSI 60.45 cm (23.8-inch) PRO MP241 Professional Monitor Full HD, Anti-Glare, 1920 x 1080 Pixels, LED Display Kit & VESA Mount Support, Designed for Streaming & On-line Video in Office & Studio",7690,17999,4.3,200,1920 x 1080,24.0,MSI,60 Hz,Monitor,PRO MP241
"MSI MAG 274UPF 27 Inch 4K UHD Esports Gaming Monitor - 3840 x 2160 IPS Panel, 144 Hz / 1ms, G-SYNC Compatible, Adjustable Stand/VESA - Display Port 1.4a & HDMI 2.1 & Type C Port",47999,78000,5.0,1,3840 x 2160,27.0,MSI,144 Hz,Gaming Monitor,MAG 274UPF
"MSI Modern MD241P 24 Inch Monitor - Full HD (1920 x 1080), 75Hz, IPS, 5ms, HDMI, Type-C, Adjustable Stand, Speakers, Anti-Glare/ -Flicker, Less Blue Light, TÜV Certified, VESA Mount, Black",14599,25999,4.4,66,1920 x 1080,24.0,MSI,75 Hz,Monitor,9S6-3PA59H-021
"MSI Modern MD271P Business & Productivity Monitor | 27 Inch IPS FHD (1920 x 1080) | 16:9 | Anti Glare, Anti-Flicker Display | Super Narrow Bezel | 75Hz Refresh Rate, 5ms | Height Adjustable | Black",16400,23999,4.3,62,1920 x 1080,27.0,MSI,75 Hz,Monitor,9S6-3PA49H-021
"MSI Modern Md271Ul 27 Inch 4K Uhd Professional Productivity Monitor 3840 X 2160 IPS Panel,Eye-Friendly Screen,99% Dci-P3/139% Srgb Colour Gamut-2 X Hdmi 2.0B,Dp 1.2A,USB Type-C(65W Pd) Silver",27999,39999,4.2,38,3840 x 2160,27.0,MSI,60 Hz,Monitor,9S6-3PB8CH-005
"MSI Modern MD272P 27 Inch FHD Office Monitor - 1920 x 1080 IPS Panel, 75 Hz, Eye-Friendly Screen, Built-in Speakers, 4-Way Adjustable Stand, KVM - DP 1.2a, USB Type-C",17999,30200,3.7,5,1920 x 1080,27.0,MSI,75 Hz,Monitor,9S6-3PB19H-001
"MSI Modern MD272PW 27 Inch FHD Office Monitor - 1920 x 1080 IPS Panel, 75 Hz, Eye-Friendly Screen, Built-in Speakers, 4-Way Adjustable Stand, KVM - DP 1.2a, USB Type-C",19999,31000,3.9,13,1920 x 1080,27.0,MSI,75 Hz,Monitor,9S6-3PB19H-020
"MSI Modern MD272QP 27-Inch Computer Monitor - 65W Type C Power Delivery with DP Alternate, IPS Panel, QHD 2560x1440, 75Hz, Less Blue Light PRO & Anti-Flicker, HDMI, DisplayPort, VESA Mount, Black",21999,35600,4.3,26,2560 x 1440,27.0,MSI,75 Hz,Monitor,9S6-3PB19H-010
"MSI Modern Md272Qp Ultramarine Business Computer Monitor - 27"" Wqhd 2560X1440 IPS Panel,65W Type C Power Delivery with Dp Alternate,75Hz Refresh Rate,Hdmi,Displayport,Kvm,Less Blue Light,Vesa-Mount",28900,38200,3.7,4,2560 x 1440,27.0,MSI,75 Hz,Monitor,9S6-3PB19H-041
"MSI Modern MD272QPW 27 Inch WQHD Office Monitor - 2560 x 1440 Pixels IPS Panel, 75 Hz, Eye-Friendly Screen, Built-in Speakers, 4-Way Adjustable Stand, KVM - DP 1.2, USB Type-C",29999,34999,3.9,16,2560 x 1440,23.8,MSI,75 Hz,Monitor,PRO MP243
"MSI Pro MP223 21.45 Inch Full HD Office LCD Monitor - 1920 X 1080, 100 Hz, Eye-Friendly Screen, Vesa Mountable, Display Kit Support, Tilt-Adjustable - Hdmi 1.4B, D-Sub (Vga)",5999,10999,4.3,1609,1920 x 1080,22.0,MSI,100 Hz,Monitor,PRO MP223
"MSI PRO MP273P Business & Productivity Monitor 27 Inch FullHD (1920 x 1080) 75Hz Refresh Rate, IPS Panel with Eye-Friendly Technology, VESA-Mount Supported, Tilt/Swivel/Height/Pivot, Black",15400,22800,4.2,52,1920 x 1080,27.0,MSI,75 Hz,Monitor,9S6-3PB49H-027
"New Mobile Pixels 2023 Duex Max Portable Monitor, 14.1"" FHD 1080P IPS Ultra Slim Laptop Screen Extender, USB A/USB C Plug and Play Auto Rotated, Windows/Mac/Android/Switch Compatible (Gunmetal Grey)",34888,46888,4.1,180,1920 x 1080,14.1,MP3,60 Hz,Portable Monitor,DuexMAX
"New Mobile Pixels 2023 Duex Max Portable Monitor, 14.1"" FHD 1080P IPS Ultra Slim Laptop Screen Extender, USB A/USB C Plug and Play Auto Rotated, Windows/Mac/Android/Switch Compatible (Set Sail Blue)",36650,48650,4.2,51,1920 x 1080,14.1,MP3,60 Hz,Portable Monitor,101-1007P01
New Origami Kickstand for Duex Series Portable Laptop Monitor,6966,9966,2.8,42,None,13.3,Duex,60 Hz,Portable Monitor,103-1002P01
"Newline S Series 75 Inch Tt-7522S Interactive Flat Panel Display, LED, Black",145000,150000,4.0,1,3840 x 2160,75.0,Newline,60 Hz,Monitor,None
"OnePlus 24 in Full Hd LCD Monitor Led Backlit IPS Panel with 3-Side Bezel Less,USB Type-C Connectivity with 18W Charging,8 Mm Slim,Flicker Free Monitor (Response Time: 5 Ms,75 Hz Refresh Rate),Black",6870,19999,3.6,154,1920 x 1080,24.0,OnePlus,75 Hz,Monitor,E 24
"Philips 193V5Lhsb2/94, 18.5 Inch (46.99 Cm) 1366 X 768 Pixels Smart Control Monitor with Tft/LCD Displayvga/Hdmi Port, 5 Ms Response Time,Full Hd, Free Sync, 60Hz Refresh Rate, Flicker Free, Black",4950,10490,3.7,62,1366 x 768,18.5,Philips,60 Hz,Monitor,193V5LHSB2/94
"Philips 193V5Lsb2/94 19 Inch (48.26 Cm) 1366 X 768 Pixels, Smart Control Monitor with Tft/LCD Display Vga Port, 5 Ms Response Time, Full Hd, Free Sync, 60Hz Refresh Rate, Flicker Free, Black",8034,9990,3.6,33,1366 x 768,18.5,Philips,60 Hz,Monitor,193V5LSB2/94
"Philips 226E9QHAB/94 21.5""/54.6 cm 1920 x 1080 Pixels Monitor with IPS Panel, 3W x 2 Speaker, HDMI & VGA Connectivity, FHD, Ultra Narrow, 5 ms Response time, Flicker Free, VESA Mount, Black",9900,14000,4.3,122,1920 x 1080,22.0,Philips,75 Hz,Monitor,226E9QHAB/00
"PHILIPS 242E2FA - 24 Inch FHD Monitor, 75Hz, 1ms, IPS, Frameless Design, Speakers, AMD FreeSync, FlickerFree (1920 x 1080, 300 cd/m², HDMI/VGA/DP)",10785,17990,5.0,1,1920 x 1080,24.0,Philips,75 Hz,Monitor,242E2FA/94
"Philips 246E9Qjab 23.8 Inch (60.5 Cm) 1920 x 1080 Pixels IPS Panel, LCD Monitor (Led Backlight), Built-in Stereo Speakers, AMD Freesync, Displayport & Hdmi Connectivity,Fhd, Ultra Narrow Border Black",12433,17990,4.2,33,1920 x 1080,24.0,Philips,75 Hz,Monitor,246E9QJAB/94
"Philips 2560 x 1440 Pixels 32 inches LCD Monitor with LED Back Lights, with Quad HD Picture Quality 1.07 Billion Colors, Black (325E8/94)",20160,41990,3.5,21,2560 x 1440,31.5,Philips,75 Hz,Monitor,325E8/94
"Philips 271V8/94 27""(68.58 cm) 1920 x 1080 Pixels IPS Panel Smart Image LCD Monitor with LED Backlight, VGA & HDMI Connectivity, FHD, 4ms Response time, 75Hz Refresh Rate, Flicker Free, Black",9600,22990,4.3,691,1920 x 1080,27.0,Philips,75 Hz,Monitor,271V8/94
"Philips 276E8VJSB 27""(68.5cm) 3840 x 2160 Pixels 4K UHD IPS LED Computer Monitor, 1 Billion+ Colors, Ultra Narrow Borders, Low Blue, Multi-View, (Black, Gunmetal, 276E8VJSB/94)",21000,53990,4.1,76,3840 x 2160,27.0,Philips,60 Hz,Monitor,276E8VJSB/94
"Portable Monitor - KYY 15.6Inch 1080P FHD IPS Computer Display USB-C HDMI Gaming Monitor, 85% NTSC, w/Dual Speakers, Advanced Smart Cover & Screen Protector, Second Screen for Laptop PC PS4 Xbox Phone",20303,28171,4.5,6498,1920 x 1080,15.6,KYY,60 Hz,Portable Monitor,K3
"Portable Monitor -Duex Pro Upgraded 2.0 with Kickstand Combo, 12.5 Inch Full HD IPS Screen for laptops, USB C/Type -A Lightweight Dual Laptop Monitor, Brightness Adjustable Anti Glare Portable Screen",43992,58992,4.1,292,1920 x 1080,12.5,Duex,60 Hz,Portable Monitor,None
"Portable Monitotr - 15.6 Inch FHD HDR IPS Portable Display with Type-C HDMI Port for Laptop PC Mac Surface PS4 PS5 Xbox, with Cover",27472,34472,4.8,1062,1920 x 1080,15.6,cocopar,60 Hz,Portable Monitor,Y156FH7XD
"REES52 10.1"" Raspberry Pi Touch Screen Portable Monitor, 1024X600 IPS Mini Small HDMI Display for Raspberry Pi 5 4 3 2 Zero B+ Model B Xbox PS4 iOS Windows 7/8/10,",15550,28000,2.7,2,1024 x 600,10.1,REES52,60 Hz,Portable Monitor,Raspberry Pi 4 /3/3b / Pi zero
"Riitek 14” Full HD IPS 1080P Portable Monitor Screen Extender with USB A, Type-C, HDMI Cable, Carry Bag for 14”-17” Laptop, Mac, Switch, Xbox One, PS5 (Screen Size - 14 Inch, Grey)",19990,22990,4.5,9,1920 x 1080,14.0,RIITEK,60 Hz,Portable Monitor,RII-1MONITOR
"Riitek 15 Inch Triple Portable Monitor FHD 1080P HDR IPS Laptop Monitor Screen Extender, for 15""-17"" Laptops & Switch/Xbox/Phone, Support Windows/MAC System, Type-C/HDMI Port (Not Compatible with M1 & M2 Chip)",43990,49990,4.0,65,1920 x 1080,15.0,RIITEK,60 Hz,Portable Monitor,RII-2MONITOR
"Riitek 15.6 Inch Portable Touchscreen Monitor 1920 X 1080 Ips Screen Usbc External Travel Monitor With Dual Speakers Mini-Hdmi Usb Type-C For Laptop Pc Phone, Protect Case, Black",17990,19990,3.1,8,1920 x 1080,15.6,Riitek,60 Hz,Portable Monitor,RII-MONITOR-15.6IN-01
"Samsung 107.90 Cm (43 Inch) H 4K Smart Monitor With Netflix, Youtube, Prime Video And Apple Tv Streaming (Ls43Bm702Uwxxl, Black), LCD",38490,63000,5.0,13,3840 x 2160,43.0,Samsung,60 Hz,Monitor,None
"Samsung 22 inch (55.8 cm) LED Flat Computer Monitor - Full HD, Super Slim AH-IPS Panel - LF22T350FHWXXL+ Logitech Keyboard Combo",9920,16795,5.0,4,1920 x 1080,22.0,Samsung,75 Hz,Monitor,LF22T350FHWXXL
Samsung 24 Inch LED Flat Computer Monitor - VA Panel - LS24A314NHWXXL (Black),9999,15600,4.0,1,1920 x 1080,24.0,Samsung,60 Hz,Monitor,LS24A314NHWXXL
"Samsung 24-inch (60.46cm) FHD Flat 1,920 x 1,080 Monitor, IPS, 75 Hz, Bezel Less Design, AMD FreeSync, Flicker Free, HDMI, D-sub, (LS24C310EAWXXL, Black)",7899,17000,4.3,4774,1920 x 1080,24.0,Samsung,75 Hz,Monitor,LS24C310EAWXXL
"Samsung 24-Inch(59.8cm) FHD, 75 Hz, 1800R Curved 1,920 X 1,080 LED Monitor, VA Panel, Slim Design, AMD Freesync, Game Mode, Flicker Free, HDMI, Audio Port (LS24C360EAWXXL, Black)",7699,16500,4.2,504,1920 x 1080,24.0,Samsung,75 Hz,Monitor,LS24C360EAWXXL
"Samsung 24-inch(60.46cm) FHD 1,920 x 1,080 Monitor, IPS, USB Type-C, HAS, Pivot, 75 Hz, Bezel Less Design, AMD FreeSync, Flicker Free, HDMI, Energy Saving (LS24A400UJWXXL, Black)",15599,23400,4.3,52,1920 x 1080,24.0,Samsung,75 Hz,Monitor,LS24A400UJWXXL
"Samsung 24-inch(60.50cm) Gaming, FHD, 144 Hz, 1 Ms, Flat Monitor, HAS, 3-Sided Borderless Display, Eye-Saver Mode, AMD FreeSync Premium, (LS24AG304NWXXL, Black)",13299,14999,4.2,25,1920 x 1080,24.0,Samsung,144 Hz,Gaming Monitor,LS24AG304NWXXL
"Samsung 24-Inch(61cm) QHD Resolution LED Monitor, USB Type-C, HDR Support, 1 Billion Colors, Eye Care, AMD Freesync, Border-Less Design, Height Adjustable Stand, Energy Saving (LS24A600UCWXXL, Black)",23199,33000,3.5,3,2560 x 1440,24.0,Samsung,75 Hz,Monitor,LS24A600UCWXXL
"Samsung 25-inch(62.2cm) FHD, IPS Gaming, 240Hz, 1ms Flat Monitor, 1920 x 1080 Pixels, Height Adjustable Stand, HDR10, Nvidia G-Sync Compatible, Ultrawide Game View (LS25BG400EWXXL, Black)",19200,26900,4.4,181,1920 x 1080,25.0,Samsung,240 Hz,Gaming Monitor,LS25BG400EWXXL
"Samsung 27-Inch (68.4 cm) FHD, 1800R Curved 1,920 X 1,080 LED Monitor, VA Panel, Slim Design, AMD Freesync, Flicker Free, HDMI, Audio Port (LC27R500FHWXXL, Dark Blue Gray)",12049,22999,4.3,184,1920 x 1080,27.0,Samsung,60 Hz,Monitor,LC27R500FHWXXL
"Samsung 27-inch(68.4cm) Gaming, FHD, 165 Hz, 1 Ms, Flat Monitor, HAS, 3-Sided Borderless Display, Eye-Saver Mode, AMD FreeSync Premium, (LS27AG320NWXXL, Black)",15199,30000,4.3,78,1920 x 1080,27.0,Samsung,165 Hz,Gaming Monitor,LS27AG320NWXXL
"Samsung 27-Inch(68.58Cm) LCD M5 Fhd Smart Monitor, Mouse & Keyboard Control, Smart Tv Apps, Iot Hub, Office 365, Apple Airplay, Dex, Speakers, Remote, Bluetooth (Ls27Cm501Ewxxl, White)",16799,34000,4.2,2924,1920 x 1080,27.0,Samsung,60 Hz,Monitor,LS27CM501EWXXL
"Samsung 27-Inch(68.5Cm) 2K QHD Odyssey G5 Gaming, 165Hz, 1Ms, Flat LCD Monitor, 2560 X 1440 Pixels, Height Adjustable Stand, HDR10, AMD Freesync Premium (LS27CG510EWXXL, Black)",22498,28500,4.3,35,2560 x 1440,27.0,Samsung,165 Hz,Gaming Monitor,LS27CG510EWXXL
"Samsung 27-Inch(68.6cm) FHD 1000R Curved LCD Monitor, VA, 75 Hz, Bezel Less Design, AMD Freesync, Speakers, DP, HDMI, Audio-in Port (LS27C390EAWXXL, Black)",15999,31000,4.2,339,1920 x 1080,27.0,Samsung,75 Hz,Monitor,LS27C390EAWXXL
"Samsung 27-inch(68.6cm) FHD 1920 x 1080 PixelsMonitor, IPS, 75 Hz, Bezel Less Design, AMD FreeSync, Flicker Free, HDMI, D-sub, (LS27R354FHWXXL, Dark Blue Gray)",12495,18999,4.3,105,1920 x 1080,27.0,Samsung,75 Hz,Monitor,LS27R354FHWXXL
"Samsung 27-Inch(68.6cm) UHD Monitor, IPS Panel, USB Type-C, HDR 400, DCI-P3 98%, Matte Display, Borderless Design, Height Adjustable, Eye Comfort, Energy Saving (LS27B800PXWXXL, Black)",36999,70000,4.4,2,3840 x 2160,27.0,Samsung,60 Hz,Monitor,LS27B800PXWXXL
"Samsung 27-inches 68.46cm 3840 X 2160 (UHD) Pixels 4K, Flat Monitor, IPS, Bezel Less Design, 1 Billion Colors, HDR10, FSC-Certified, Intelligent Eye Care, Energy Saving LS27A700NWWXXL, Black",24399,42000,4.1,24,5120 x 2880,27.0,Samsung,60 Hz,Monitor,LS27A700NWWXXL
"Samsung 27-inches 68.6cm 1920 X 1080 (FHD) Pixels Flat Monitor, IPS, 75 Hz, Bezel Less Design, AMD Radeon FreeSync, HDMI, D-sub, Eye Comfort LS27R350FHWXXL, Dark Blue Gray",16375,21000,4.2,141,1920 x 1080,27.0,Samsung,75 Hz,Monitor,LS27R350FHWXXL
"Samsung 28 inch (70.8 cm) 3840 x 2160 Pixels 4K UHD Monitor, IPS, Bezel Less, HDR Support, AMD FreeSync, Eye Comfort, PIP/PBP Multi-Tasking (LU28R550UQWXXL, Dark Blue Gray)",23199,42000,4.0,83,3840 x 2160,28.0,Samsung,60 Hz,Monitor,LU28R550UQWXXL
"Samsung 28-inch(70.8cm) Odyssey G7 Gaming, UHD 4K, 144Hz, 1ms, HAS, IPS Panel, G-Sync Compatible, HDR 400, Smart TV Experience, (LS28BG700EWXXL, Black)",50949,62000,5.0,1,1920 x 1080,28.0,Samsung,144 Hz,Gaming Monitor,LS28BG700EWXXL
"Samsung 28-inch(70.9cm) 4K UHD IPS Gaming IPS, 144 Hz, 1ms, Flat Monitor, Smart TV, Height Adjustable Stand, Bezel-Less, HDR400, G-Sync Compatible (LS28BG702EWXXL, Black)",52599,75000,3.9,14,3840 x 2160,28.0,Samsung,144 Hz,Gaming Monitor,LS28BG702EWXXL
"Samsung 32 Inch UHD Resolution Monitor with IPS Panel, USB Type C, HDR 600 Support,DCI-P3 98%, Matte Display, 3-Sided Borderless Design, Height Adjustable, Energy Saving (LS32B800PXWXXL), Black",54999,90000,3.0,1,3840 x 2160,32.0,Samsung,60 Hz,Monitor,LS32B800PXWXXL
"Samsung 32-inch(80.1cm) 3840 x 2160 Pixels 4K UHD, Flat Monitor, 1 Billion Colors, PBP, Slim Bezels, AMD FreeSync (LU32J590UQWXXL, Dark Blue Gray)",27999,52500,4.0,391,3840 x 2160,31.5,Samsung,60 Hz,Monitor,LU32J590UQWXXL
"Samsung 32-inch(80cm) 2K QHD Odyssey G5 IPS Gaming, 165Hz, 1ms, Flat Monitor, 2560 X 1440 Pixels, Height Adjustable Stand, Pivot, HDR400, G-Sync, FreeSync Premium (LS32AG520PWXXL, Black)",32299,66000,4.0,3,2560 x 1440,32.0,Samsung,165 Hz,Gaming Monitor,LS32AG520PWXXL
"Samsung 32-inch(80cm) 3840 x 2160 Pixels 4K UHD, Flat Monitor, Bezel Less Design, 1 Billion Colors, HDR10, FSC-Certified, Intelligent Eye Care (LS32A700NWWXXL, Black)",30299,48000,3.4,4,3840 x 2160,32.0,Samsung,60 Hz,Monitor,LS32A700NWWXXL
"Samsung 32-inch(80cm) FHD Odyssey G3 Gaming, 165 Hz, 1 Ms MPRT, Flat Monitor, Height Adjustable Stand, Bezel-Less Display, Eye-Saver Mode, AMD FreeSync Premium, (LS32AG320NWXXL, Black)",22499,31900,5.0,1,1920 x 1080,32.0,Samsung,165 Hz,Gaming Monitor,LS32AG320NWXXL
"Samsung 32-inch(80cm) Odyssey G6 Gaming, 2K QHD, 240Hz, 1ms GTG, 1000R Curved Monitor, Height Adjustable, Pivot, Smart TV Apps, HDR600, AMD FreeSync Premium Pro (LS32BG650EWXXL, Black)",43199,75000,5.0,1,2560 x 1440,32.0,Samsung,240 Hz,Gaming Monitor,LS32BG650EWXXL
"Samsung 32-inch(80cm) QHD LED Monitor, Type-C, LAN Port, Bezel Less, 1 Billion Colors, HDR10, HAS, Intelligent Eye Care, AMD FreeSync, FSC-Certified, Energy Saving (LS32A600UUWXXL, Black)",30999,50000,5.0,1,2560 x 1440,32.0,Samsung,60 Hz,Monitor,LS32A600UUWXXL
"Samsung 32-inch(80cm) QHD Monitor, Bezel Less Design, 1 Billion Colors, HDR10, HAS, 2560 X 1440 Pixels, Intelligent Eye Care, AMD FreeSync™, FSC-Certified, Energy Saving (LS32A600NWWXXL, Black)",26999,47000,4.4,12,2560 x 1440,32.0,Samsung,75 Hz,Monitor,LS32A600NWWXXL
"Samsung 32-Inch(81cm) UHD 4K High Resolution Monitor, HDR Support, 1 Billion Colors, Eye Care, AMD Freesync, Border-Less Design, Height Adjustable Stand, Energy Saving (LS32A800NWXXL, Black)",32699,56000,4.2,21,3840 x 2160,32.0,Samsung,60 Hz,Monitor,LS32A800NMWXXL
"Samsung 34-inches 86.42cm LED Odyssey G5 Ultra WQHD, 165 Hz, 1ms, 1000R Curved Gaming Monitor, HDR10, AMD FreeSync Premium -LC34G55TWWWXXL, Black, 3440 X 1440 (WQHD) Pixels",37999,48900,4.2,357,3440 X 1440,34.0,Samsung,165 Hz,Gaming Monitor,LC34G55TWWWXXL
"Samsung 43-inch (107.99cm) M7 4K UHD Smart LED Monitor, Type-C, Smart TV apps, 1 Billion Color, TV Plus, Apple Airplay, Dex, Office 365, BT, IOT, Speakers, Remote (LS43BM700UWXXL, Black)",34799,63000,3.9,56,3840 x 2160,43.0,Samsung,60 Hz,Monitor,LS43BM700UWXXL
"Samsung 43-inch(108cm) Odyssey Neo G7 UHD, 144Hz, 1 ms, Flat Gaming Monitor, Smart TV, Gaming Hub, Quantum Mini LED, HDR600, Game Bar, AMD FreeSync Premium Pro, (LS43CG700NWXXL, Black)",75299,80000,3.8,4,3840 x 2160,43.0,Samsung,144 Hz,Gaming Monitor,LS43CG700NWXXL
"Samsung 8 Series 68.4 cm/27"" 4K UHD 3840x2160 Pixels Computer Monitor, IPS Panel, USB-C, HDR10 (1 Billion Colors), Height Adjustable Stand, Energy Star, Intelligent Eye Care LS27A800UJWXXL (Black)",32599,47000,4.3,22,3840 x 2160,27.0,Samsung,60 Hz,Monitor,LS27A800UJWXXL
"Samsung Lc34J791Wtwxxl 34 Inch Wide Screenthunderbolt 3 Curved QLED Monitor 3440 X 1440, Black",84999,93900,4.5,1883,3440 X 1440,34.0,Samsung,100 Hz,Monitor,LC34J791WTNXZA
Samsung LS27H850QFUXEN WQHD 27-inch Monitor (Black),31999,36900,3.7,99,2560 x 1440,27.0,Samsung,60 Hz,Monitor,LS27H850QFNXGO
"Samsung27-Inch FHD Business Monitor with bezeless Design, IPS Panel, completeconnectivity with Multiple Ports, HAS Stand, VESA Compatibility, Eye savermode, eco-Saving Technology (LS27R650FDWXXL)",19500,23599,3.9,17,1920 x 1080,27.0,Samsung,75 Hz,Monitor,LS27R650FDWXXL
"Samsung27-Inch QHD Resolution Monitor with IPS Panel, Border-Less Design, HeightAdjustable Stand, VESA-Compatibility, 75Hz Refresh Rate, AMD FreeSync, andeye Comfort Technology (LS27B610EQWXXL)",18299,40000,4.7,6,2560 x 1440,27.0,Samsung,75 Hz,Monitor,LS27B610EQWXXL
TOP1 7inch Capacitive Touch Screen LCD (H) with Case 1024×600 Pixels HDMI-Compatible IPS Display for Raspberry Pi 4 Computer Monitor Supports Windows 11108.187(7inch HDMI LCD (H) (with case)),21760,23935,4.4,3,1024 x 768,7.0,Waveshare,60 Hz,Touch Monitor,7inch HDMI LCD (H) (with case)
Travel Monitor – Upgraded 15.6 Inch 1080P FHD HDR IPS Ultra Slim USB-C Portable Display with Kickstand Dual Type-C Mini HDMI Dual Speakers for Laptop PC Mac Surface PS4,57221,102998,4.8,768,1920 x 1080,15.6,cocopar,60 Hz,Portable Monitor,Y156FH7R
"ViewSonic 16 Inch Color Pro FHD OLED Portable Field Camera Monitor, Integrated Hood, Ergonomic Stand, Speaker, 100% DCI-P3 Pantone Validated with Delta-E< 2,150% sRGB, USB-C, Micro HDMI -VP16-OLED",47990,72000,4.5,53,1920 x 1080,16.0,ViewSonic,60 Hz,Portable Monitor,VP16-OLED
"ViewSonic 16 Inch Full HD Portable Monitor 1920x1080 IPS Panel, 60Hz, USB Type-C One Cable Solution 60W Charge Back, Speaker, Eye Care, Foldable Stand, Sleeve Case 2 x USB-C 3.2, 1 x Mini HDMI -VA1655",12899,20700,4.3,1290,1920 x 1080,15.6,ViewSonic,60 Hz,Portable Monitor,VA1655
"ViewSonic 16 inch Portable Touch Monitor with10-Point Projected Capactive Touch, Durable, Scratch-Resistant, Advanced Ergonomic, 7H Hardness, Eye Care, Speakers, VGA, HDMI, USB 2.0 Type B -TD1630-3",21711,32800,3.9,1227,1366 x 768,16.0,ViewSonic,60 Hz,Portable Monitor,TD1630-3
"ViewSonic 24 Inch Colorpro Professional FHD IPS Monitor, Delta-E, TÜV SÜD tested,100%sRGB &100% Rec.709 coverage, Advance Ergonomics,Type-C 65W Charge Back,Eye Care, DaisyChain, HDMI,DP,USB-C -VP2468A",25999,37800,4.6,258,1920 x 1080,24.0,ViewSonic,60 Hz,Monitor,VP2468A
"ViewSonic 24 Inch FHD Fast IPS 240Hz 0.5ms AMD FreeSync Premium Gaming Monitor, Blur Busters 2.0 Certified, VESA HDR 400, Height | Tilt | Pivot | Swivel, 2 X HDMI | DP | 2 x USB 3.2 Type A/B - XG2431",25299,32888,4.4,935,1920 x 1080,24.0,ViewSonic,240 Hz,Gaming Monitor,XG2431
"ViewSonic 24 Inch Fhd IPS Professional Monitor with USB Type-C One Cable Solution 60W Charge Back,Height Adjustment,Tilt,Pivot,Swivel,3-Side Frameless,Hdmi,Dp,USB-C,102% Srgb,Vdisplay -Vg2455,Black",10299,28800,4.4,341,1920 x 1080,24.0,ViewSonic,60 Hz,Monitor,VG2455
"ViewSonic 24 Inch Full HD 75Hz Office and Home Use Monitor with Dual Speaker, Eye-Care Technology Low Energy Consumption HDMI, VGA, 3.5 mm Audio Jack, Wall Mount, 104% sRGB - VA2406-MH",7999,12000,4.0,127,1920 x 1080,24.0,ViewSonic,75 Hz,Monitor,VA2406-MH
"ViewSonic 24 Inch Full HD IPS White Monitor 100Hz,1ms, AMD Free Sync, 3 Side Bezel Less Slim, HDMI, VGA, Wall Mount, Eye-Care, Flicker Free, Srgb105% - VA2432-H-W",9599,21800,4.1,4667,1920 x 1080,23.8,ViewSonic,100 Hz,Monitor,VA2432-H-W
"ViewSonic 24 Inch Full HD Monitor 75Hz 4Ms with Eye-Care Technology Low Energy Consumption Flicker Free Technology HDMI, VGA, Wall Mount, for Office and Home Use and 104% Srgb - VA2406-H",7299,17100,4.0,464,1920 x 1080,24.0,ViewSonic,75 Hz,Monitor,VA2406-H
"ViewSonic 24 Inch Full HD SuperClear IPS Monitor with 75hz,104% SRGB, Eye-Care, Ergonomic Stand Swivel, Height Adjustment, Tilt & Pivot, Frameless Design, Cable Management, HDMI/DP/VGA - VX2480-SHDJ",15990,21000,3.7,14,1920 x 1080,23.8,ViewSonic,75 Hz,Monitor,VX2480-SHDJ
"ViewSonic 32 Inch Full Hd 1920X1080 Resolution IPS Freesync Wide Monitor 75Hz Refresh Rate,3-Side Borderless,Dual Speaker,Hdmi,Vga,Wall Mount,Eye-Care,Flicker Free,104% Srgb -Va3209-Mh.,Black",13910,36000,4.2,1053,1920 x 1080,32.0,ViewSonic,75 Hz,Monitor,VA3209-MH
"ViewSonic Home and Office Monitor VA2210-MH 54.61 cm (22"") SuperClear IPS Panel, Dual Speakers, Narrow Bezel, HDMI & VGA",11892,17500,4.4,13,1920 x 1080,22.0,ViewSonic,60 Hz,Monitor,VA2210-MH
"ViewSonic Omni 24 Inch 165Hz IPS Full Hd 1920X1080 Pixels Gaming Led Monitor,1Ms,Hdr10,Free Sync,104% Srgb,Eye Care,Wall Mount,Tilt,2XHdmi,1XDisplay Port,Wide View Angle- Vx2479-Hd-Pro,Black",9999,15990,4.1,3120,1920 x 1080,24.0,ViewSonic,165 Hz,Gaming Monitor,VX2479-HD-PRO
"Viewsonic Omni Curved Gaming Monitor Vx3218-Pc-Mhd 32 Inch (81.28 Cm) LED 1920 x 1080 Pixels, Va Panel Full Hd, 300 Nits, 165Hz, 1Ms, 1500R Curve, Amd Adaptive Sync, Dual Speakers, Hdmi 1.4 X 2, Black",24490,33000,4.5,851,1920 x 1080,32.0,ViewSonic,165 Hz,Gaming Monitor,VX3218-PC-MHD
"ViewSonic TD1630-3 16 inch 10-Point Touch Portable Monitor (Advanced Ergonomics, HDMI VGA inputs, Dual Integrated Speakers, TN Panel, 7H Hardness, Cross Platform Compatibility)",17368,21711,4.0,1,1366 x 768,16.0,ViewSonic,60 Hz,Portable Monitor,TD1630-3-cr
"ViewSonic Touch LCD Monitor TD2423 60.45 cm (23.8"") FHD 1080, IR 10 - Point Touch, 7H Hardness, 75Hz, Dual Speakers, Finger|Glove|Stylus Compatible, USB 2.0 (Type A x 2; Type B), HDMI, DVI, VGA, Black",26450,32500,4.2,33,1920 x 1080,24.0,ViewSonic,60 Hz,Touch Monitor,TD2423
"ViewSonic Touch Monitor TD2223 54.61 cm (22"") LCD 1920 x 1080 Pixels FHD 1080, IR 10 - Point Touch, 7H Hardness, 75Hz, Dual Speakers, USB 2.0 (Type A x 2 ; Type B x 1), HDMI, DVI, VGA, Black",27300,32000,4.6,50,1920 x 1080,22.0,ViewSonic,60 Hz,Touch Monitor,TD2223
"ViewSonic Va2256-H, 22 Inch (54.6 Cm) Full Hd 1920 x 1080 Pixels Superclear IPS Panel Frameless Bezel, 75Hz AMD Freesync, Flicker-Free, Blue Light Filter, Viewmode, Win10 Cert, Hdmi & Vga, Black",8399,11999,4.2,63,1920 x 1080,22.0,ViewSonic,75 Hz,Monitor,VA2256-H
"VIEWSONIC VA2719-SH 27 Inch LED Backlit Computer Monitor - FHD, IPS Panel with HDMI, VGA (Black)",17990,25000,4.3,135,1920 x 1080,27.0,ViewSonic,60 Hz,Monitor,VA2719-SH
"ViewSonic VA3456-MHDJ 86.4 cm (34"") 3440 x 1440 Pixels Monitor, 21:9 10-Bit IPS, 2K, 3-Side Borderless, 400 Nits, sRGB 104%, 1.07 Billion Colors, AMD FreeSync, HDR 400, 2 X 2.0 HDMI, DP Port, Black",34999,49600,4.1,733,3440 x 1440,34.0,ViewSonic,60 Hz,Monitor,VA3456-MHDJ
"Viewsonic VG2455-2K 23.8"" WLED LCD Monitor - 16:9 - 5 ms GTG (OD) - 2560 x 1440 - 16.7 Million Colors - 250 Nit - WQHD - Speakers - HDMI - DisplayPort - USB - 58.50 W - EPEAT, cTUVus Warning: Canc",55134,99261,4.4,212,2560 x 1440,24.0,ViewSonic,60 Hz,Monitor,VG2455-2K
"ViewSonic VG2755 27 Inch IPS FHD 1080p Monitor, Height Adjustable, Built-in Speaker 2Wx2, USB Type C, HDMI, DisplayPort, USB Type B, VGA, 2 Years Extended Warranty Upon Registration",15639,28890,4.3,2,1920 x 1080,27.0,ViewSonic,60 Hz,Monitor,VG2755
waveshare 15.6inch Capacitive Touch Screen LCD Compatible with Raspberry Pi 4B/3B+/3A+/2B/B+/A+/Zero/Zero W/WH/Zero 2W CM3+/4 1920×1080 Resolution HDMI IPS Supports Jetson Nano/Windows,58760,64635,4.0,2,1920 x 1080,15.6,Waveshare,60 Hz,Touch Monitor,15.6inch HDMI LCD
Waveshare 5.5inch HDMI AMOLED with Protection Case 1920x1080 Resolution Monitor AMOLED Capacitive Touch Screen with Toughened Glass Cover Supports Multi Mini PC as Raspberry Pi4 and Multi Systems,36635,40300,3.7,9,1920 x 1080,5.5,Waveshare,60 Hz,Touch Monitor,5.5inch HDMI AMOLED (with case A)
Waveshare 7 inch 800*480 Capacitive Touch Screen LCD Display HDMI Interface Custom Raspbian Angstrom Android4.2.2 Supports Various Systems for All Version of Raspberry pi Beaglebone Black Banana Pi Banana Pro Video Photo Module,7599,8200,3.8,46,1280 x 720,7.0,Waveshare,60 Hz,Touch Monitor,None
waveshare 7inch Capacitive Touch Screen LCD Compatible with Raspberry Pi 5/4B/3B+/3A+/2B/B+/A+/Zero/Zero W/WH/Zero 2W CM3+/4 Series Boards 1024×600 Resolution HDMI IPS Supports Windows,17400,19140,4.4,30,1024 x 600,7.0,Waveshare,60 Hz,Touch Monitor,7inch HDMI LCD (H)
waveshare 7inch QLED Quantum Dot Display Compatible with Raspberry Pi 4B/3B+/3A+/2B/B+/A+/Zero/Zero W/WH/Zero 2W CM3+/4 Capacitive Touch 1024×600 Resolution Supports Jetson Nano/Windows,23435,25780,4.1,4,1024 x 600,7.0,Waveshare,60 Hz,Touch Monitor,None
X Electron 15.6 inch IPS Portable Monitor Full HD 1080P Resolution HDR 100% SRGB 300 Nits USB C HDMI Eye Care with Smart Cover & Speakers,11380,29999,4.2,15,1920 x 1080,15.6,X Electron,60 Hz,Portable Monitor,A1 Gamut-A
"Zebion 16 (15.1) inch HD2 LED Monitor with HDMI& VGA Input, Max Resolution 1024 X 786, 17 Million Colors, Durable Body, 1 Year Warranty",2280,2999,3.3,3,1024 x 768,15.6,Zebion,60 Hz,Monitor,None
"Zebion 22 Inch Full Hd Frameless Monitor Crista Series, Ips Panel, 1920X1080P Max Resolution, Vga, Hdmi, Wall Mountable, Fast Response Time, 3 Years Warranty, Black",5549,15499,1.0,1,1920 x 1080,22.0,Zebion,60 Hz,Monitor,None
"Zebion 24 inch Full HD Frameless Monitor Crista Series, IPS Panel, 1920x1080p Max Resolution, VGA, HDMI, Wall Mountable, Fast Response Time, 3 Years Warranty",6999,18499,4.2,3,1920 x 1080,24.0,Zebion,60 Hz,Monitor,None
"Zebion 27 inch Full HD Frameless Monitor Crista Series, IPS Panel, 1920x1080p Max Resolution, Inbuilt Speaker, VGA, HDMI, Wall Mountable, Fast Response Time, 3 Years Warranty",9600,9900,1.0,1,1920 x 1080,27.0,Zebion,60 Hz,Monitor,27 Inch Bezel-Less Monitor
"Zebion LED Monitor with 17 HD1 with Supporting HDMI& VGA Input, Glossy Panel, Slim Feature and Wall mountable Monitor with high Feature (17HD1)",2799,7500,1.4,3,1280 x 720,17.0,Zebion,60 Hz,Monitor,None
"ZEBRONICS 22 inch 75Hz Monitor with FHD 1080p, Free sync Support, HDMI, VGA, 250 Nits max, 16.7M Colors, Built-in Speakers and Slim Bezel Less Design ZEB-S22A",6399,23999,4.2,296,1920 x 1080,21.5,ZEBRONICS,75 Hz,Monitor,ZEB-S22A
"Zebronics 24 inch (60.4 cm) LED Monitor with Full HD Display, HDMI and VGA Port, built in Speaker, Slim Bezel, Metal Stand and Wall Mountable - Zeb-A24FHD LED",6699,24999,3.6,686,1920 x 1080,23.8,ZEBRONICS,60 Hz,Monitor,ZEB-A24FHD LED
"ZEBRONICS A24FHD LED Monitor, 24 inch (60.96cm), 250 nits, 75Hz, Slim Design, FHD, 1080p, Wall Mountable, HDMI, VGA, Ultra Slim Bezel, Metal Stand, Built-in Speakers",6999,24999,3.8,1648,1920 x 1080,24.0,ZEBRONICS,75 Hz,Monitor,ZEB-A24FHD
"ZEBRONICS A24FHD LED, Gaming Monitor, 24 inch (60.96cm), 300 nits, 165Hz, Slim Design, FHD, 1080p, Wall Mountable, HDMI, DisplayPort, USB Port, Ultra Slim Bezel, Metal Stand, Built-in Speakers",8999,33999,3.8,1648,1920 x 1080,24.0,ZEBRONICS,165 Hz,Gaming Monitor,ZEB - A24FHD
"ZEBRONICS A27FHD LED Monitor, 27 inch (68.58cm), 250 nits, 75hz, Slim Design, FHD, 1080p, Wall Mountable, VGA, HDMI, Ultra Slim Bezel, Metal Stand, Built-in Speakers, Widescreen Monitor",9599,27999,3.8,1648,1920 x 1080,27.0,ZEBRONICS,75 Hz,Monitor,ZEB-A27FHD
"ZEBRONICS A27FHD LED, Gaming Monitor, 27 inch (68.58cm), 300 nits, 165hz, Slim Design, FHD, 1080p, Wall Mountable, HDMI, DisplayPort, USB Port, Metal Stand, Built-in Speakers",11999,37999,3.8,1648,1920 x 1080,27.0,ZEBRONICS,165 Hz,Gaming Monitor,ZEB-A27FHD
"ZEBRONICS AC32FHD LED Curved 75Hz 80Cm (32"") (81.28 Cm) 1920x1080 Pixels FHD Resolution Monitor with HDMI + VGA Dual Input, Built-in Speaker, Max 250 Nits Brightness, Black",12999,29999,3.8,1633,1920 x 1080,32.0,ZEBRONICS,75 Hz,Monitor,ZEB-AC32FHD
"ZEBRONICS Zeb-V16HD LED Monitor with15.4 with Supporting HDMI, has VGA Input, HD 1280 x 800 Pixels, Glossy Panel, Slim Feature and Wall mountable.",2499,4999,3.6,3277,1366 x 768,16.0,ZEBRONICS,60 Hz,Monitor,ZEB-V16HD LED
"ZEBRONICS Zeb-V19Hd 18.5 Inch (46.99 Cm) Led Monitor with Supporting Hdmi, Vga Input, Hd 1366 X 768 Pixels, 16.7M Colors, Glossy Panel, Slim Design & Wall Mountable, Black",3099,6999,3.6,3277,1366 x 768,19.0,ZEBRONICS,60 Hz,Monitor,ZEB-V19HD LED
"Zebster (Zebr0nics) ZEB-V16HD 15.4"" HD 1280 x 800 Pixels LED Monitor with HDMI & VGA [Black]",3100,4899,3.6,302,1280 x 800,15.4,ZEBSTER,60 Hz,Monitor,ZEB-V16HD
"ZEBSTER 19 Inch Led Monitor With Hdmi- Zeb-Ze19Hd (Hdmi+Vga), Black",3099,4990,3.0,44,1366 x 768,19.0,ZEBSTER,60 Hz,Monitor,V19HD
